tRNA	1	2	3	4	5	6	7	8	9	10	11	12	13	14	15	16	17	18	19	20	21	22	23	24	25	26	27	28	29	30	31	32	33	34	35	36	37	38	39	40	41	42	43	44	45	46	47	48	49	50	51	52	53	54	55	56	57	58	59	60	61	62	63	64	65	66	67	68	69	70	71	72	73	74	75	76	77	78	79	80	81	82	83	84	85	86	87	88	89	90	91	92	93	94	95	96	97	98	99	100	101	102	103	104	105	106	107	108	109	110
tRNA-Ala-GGC-1-1	1	2	3	4	5	NA	6	7	8	9	10	11	12	13	14	15	NA	NA	NA	NA	NA	NA	NA	16	NA	17	18	19	NA	20	NA	NA	NA	21	NA	22	NA	NA	23	24	25	26	27	28	29	30	31	32	33	34	35	36	37	38	39	40	41	42	43	44	45	46	NA	NA	NA	NA	NA	NA	NA	NA	NA	NA	NA	NA	NA	NA	NA	NA	47	48	49	50	51	52	53	54	55	56	57	58	59	60	61	62	63	64	65	66	67	NA	68	69	70	71	72	73	NA	74	75	76
tRNA-Ala-GGC-1-2	1	2	3	4	5	NA	6	7	8	9	10	11	12	13	14	15	NA	NA	NA	NA	NA	NA	NA	16	NA	17	18	19	NA	20	NA	NA	NA	21	NA	22	NA	NA	23	24	25	26	27	28	29	30	31	32	33	34	35	36	37	38	39	40	41	42	43	44	45	46	NA	NA	NA	NA	NA	NA	NA	NA	NA	NA	NA	NA	NA	NA	NA	NA	47	48	49	50	51	52	53	54	55	56	57	58	59	60	61	62	63	64	65	66	67	NA	68	69	70	71	72	73	NA	74	75	76
tRNA-Ala-TGC-1-1	1	2	3	4	5	NA	6	7	8	9	10	11	12	13	14	15	NA	NA	NA	NA	NA	NA	NA	16	NA	17	18	19	NA	20	NA	NA	NA	21	NA	22	NA	NA	23	24	25	26	27	28	29	30	31	32	33	34	35	36	37	38	39	40	41	42	43	44	45	46	NA	NA	NA	NA	NA	NA	NA	NA	NA	NA	NA	NA	NA	NA	NA	NA	47	48	49	50	51	52	53	54	55	56	57	58	59	60	61	62	63	64	65	66	67	NA	68	69	70	71	72	73	NA	74	75	76
tRNA-Ala-TGC-1-2	1	2	3	4	5	NA	6	7	8	9	10	11	12	13	14	15	NA	NA	NA	NA	NA	NA	NA	16	NA	17	18	19	NA	20	NA	NA	NA	21	NA	22	NA	NA	23	24	25	26	27	28	29	30	31	32	33	34	35	36	37	38	39	40	41	42	43	44	45	46	NA	NA	NA	NA	NA	NA	NA	NA	NA	NA	NA	NA	NA	NA	NA	NA	47	48	49	50	51	52	53	54	55	56	57	58	59	60	61	62	63	64	65	66	67	NA	68	69	70	71	72	73	NA	74	75	76
tRNA-Ala-TGC-1-3	1	2	3	4	5	NA	6	7	8	9	10	11	12	13	14	15	NA	NA	NA	NA	NA	NA	NA	16	NA	17	18	19	NA	20	NA	NA	NA	21	NA	22	NA	NA	23	24	25	26	27	28	29	30	31	32	33	34	35	36	37	38	39	40	41	42	43	44	45	46	NA	NA	NA	NA	NA	NA	NA	NA	NA	NA	NA	NA	NA	NA	NA	NA	47	48	49	50	51	52	53	54	55	56	57	58	59	60	61	62	63	64	65	66	67	NA	68	69	70	71	72	73	NA	74	75	76
tRNA-Arg-ACG-1-1	1	2	3	4	5	NA	6	7	8	9	10	11	12	13	14	15	NA	NA	NA	NA	NA	NA	NA	16	NA	17	18	19	NA	20	NA	NA	NA	20a	NA	21	NA	NA	22	23	24	25	26	27	28	29	30	31	32	33	34	35	36	37	38	39	40	41	42	43	44	45	NA	NA	NA	NA	NA	NA	NA	NA	NA	NA	NA	NA	NA	NA	NA	NA	46	47	48	49	50	51	52	53	54	55	56	57	58	59	60	61	62	63	64	65	66	NA	67	68	69	70	71	72	NA	73	74	75
tRNA-Arg-ACG-1-2	1	2	3	4	5	NA	6	7	8	9	10	11	12	13	14	15	NA	NA	NA	NA	NA	NA	NA	16	NA	17	18	19	NA	20	NA	NA	NA	20a	NA	21	NA	NA	22	23	24	25	26	27	28	29	30	31	32	33	34	35	36	37	38	39	40	41	42	43	44	45	NA	NA	NA	NA	NA	NA	NA	NA	NA	NA	NA	NA	NA	NA	NA	NA	46	47	48	49	50	51	52	53	54	55	56	57	58	59	60	61	62	63	64	65	66	NA	67	68	69	70	71	72	NA	73	74	75
tRNA-Arg-ACG-1-3	1	2	3	4	5	NA	6	7	8	9	10	11	12	13	14	15	NA	NA	NA	NA	NA	NA	NA	16	NA	17	18	19	NA	20	NA	NA	NA	20a	NA	21	NA	NA	22	23	24	25	26	27	28	29	30	31	32	33	34	35	36	37	38	39	40	41	42	43	44	45	NA	NA	NA	NA	NA	NA	NA	NA	NA	NA	NA	NA	NA	NA	NA	NA	46	47	48	49	50	51	52	53	54	55	56	57	58	59	60	61	62	63	64	65	66	NA	67	68	69	70	71	72	NA	73	74	75
tRNA-Arg-ACG-1-4	1	2	3	4	5	NA	6	7	8	9	10	11	12	13	14	15	NA	NA	NA	NA	NA	NA	NA	16	NA	17	18	19	NA	20	NA	NA	NA	20a	NA	21	NA	NA	22	23	24	25	26	27	28	29	30	31	32	33	34	35	36	37	38	39	40	41	42	43	44	45	NA	NA	NA	NA	NA	NA	NA	NA	NA	NA	NA	NA	NA	NA	NA	NA	46	47	48	49	50	51	52	53	54	55	56	57	58	59	60	61	62	63	64	65	66	NA	67	68	69	70	71	72	NA	73	74	75
tRNA-Arg-CCG-1-1	1	2	3	4	5	NA	6	7	8	9	10	11	12	13	14	15	NA	NA	NA	NA	NA	NA	NA	16	NA	17	18	19	NA	20	NA	NA	NA	20a	NA	21	NA	NA	22	23	24	25	26	27	28	29	30	31	32	33	34	35	36	37	38	39	40	41	42	43	44	45	NA	NA	NA	NA	NA	NA	NA	NA	NA	NA	NA	NA	NA	NA	NA	NA	46	47	48	NA	50	51	52	53	54	55	56	57	58	59	60	61	62	63	64	NA	66	NA	67	68	69	70	71	72	NA	73	74	75
tRNA-Arg-CCT-1-1	1	2	3	4	5	NA	6	7	8	9	10	11	12	13	14	15	NA	NA	NA	NA	NA	NA	NA	16	NA	NA	18	19	NA	20	NA	NA	NA	20a	NA	21	NA	NA	22	23	24	25	26	27	28	29	30	31	32	33	34	35	36	37	38	39	40	41	42	43	44	NA	NA	NA	NA	NA	NA	NA	NA	NA	NA	NA	NA	NA	NA	NA	NA	NA	46	47	48	49	50	51	52	53	54	55	56	57	58	59	60	61	62	63	64	65	66	NA	67	68	69	70	71	72	NA	73	74	75
tRNA-Arg-TCT-1-1	1	2	3	4	5	NA	6	7	8	9	10	11	12	13	14	15	NA	NA	NA	NA	NA	NA	NA	16	NA	17	18	19	NA	20	NA	NA	NA	20a	NA	21	NA	NA	22	23	24	25	26	27	28	29	30	31	32	33	34	35	36	37	38	39	40	41	42	43	44	45	NA	NA	NA	NA	NA	NA	NA	NA	NA	NA	NA	NA	NA	NA	NA	NA	46	47	48	49	50	51	52	53	54	55	56	57	58	59	60	61	62	63	64	65	66	NA	67	68	69	70	71	72	NA	73	74	75
tRNA-Asn-GTT-1-1	1	2	3	4	5	NA	6	7	8	9	10	11	12	13	14	15	NA	NA	NA	NA	NA	NA	NA	16	NA	17	18	19	NA	20	NA	NA	NA	NA	NA	21	NA	NA	22	23	24	25	26	27	28	29	30	31	32	33	34	35	36	37	38	39	40	41	42	43	44	45	NA	NA	NA	NA	NA	NA	NA	NA	NA	NA	NA	NA	NA	NA	NA	NA	46	47	48	49	50	51	52	53	54	55	56	57	58	59	60	61	62	63	64	65	66	NA	67	68	69	70	71	72	NA	73	NA	NA
tRNA-Asn-GTT-1-2	1	2	3	4	5	NA	6	7	8	9	10	11	12	13	14	15	NA	NA	NA	NA	NA	NA	NA	16	NA	17	18	19	NA	20	NA	NA	NA	NA	NA	21	NA	NA	22	23	24	25	26	27	28	29	30	31	32	33	34	35	36	37	38	39	40	41	42	43	44	45	NA	NA	NA	NA	NA	NA	NA	NA	NA	NA	NA	NA	NA	NA	NA	NA	46	47	48	49	50	51	52	53	54	55	56	57	58	59	60	61	62	63	64	65	66	NA	67	68	69	70	71	72	NA	73	NA	NA
tRNA-Asn-GTT-1-3	1	2	3	4	5	NA	6	7	8	9	10	11	12	13	14	15	NA	NA	NA	NA	NA	NA	NA	16	NA	17	18	19	NA	20	NA	NA	NA	NA	NA	21	NA	NA	22	23	24	25	26	27	28	29	30	31	32	33	34	35	36	37	38	39	40	41	42	43	44	45	NA	NA	NA	NA	NA	NA	NA	NA	NA	NA	NA	NA	NA	NA	NA	NA	46	47	48	49	50	51	52	53	54	55	56	57	58	59	60	61	62	63	64	65	66	NA	67	68	69	70	71	72	NA	73	NA	NA
tRNA-Asn-GTT-1-4	1	2	3	4	5	NA	6	7	8	9	10	11	12	13	14	15	NA	NA	NA	NA	NA	NA	NA	16	NA	17	18	19	NA	20	NA	NA	NA	NA	NA	21	NA	NA	22	23	24	25	26	27	28	29	30	31	32	33	34	35	36	37	38	39	40	41	42	43	44	45	NA	NA	NA	NA	NA	NA	NA	NA	NA	NA	NA	NA	NA	NA	NA	NA	46	47	48	49	50	51	52	53	54	55	56	57	58	59	60	61	62	63	64	65	66	NA	67	68	69	70	71	72	NA	73	NA	NA
tRNA-Asp-GTC-1-1	1	2	3	4	5	NA	6	7	8	9	10	11	12	13	14	15	NA	NA	NA	NA	NA	NA	NA	16	NA	17	18	19	NA	20	NA	NA	NA	20a	NA	21	NA	NA	22	23	24	25	26	27	28	29	30	31	32	33	34	35	36	37	38	39	40	41	42	43	44	45	NA	NA	NA	NA	NA	NA	NA	NA	NA	NA	NA	NA	NA	NA	NA	NA	46	47	48	49	50	51	52	53	54	55	56	57	58	59	60	61	62	63	64	65	66	NA	67	68	69	70	71	72	NA	73	74	75
tRNA-Asp-GTC-1-2	1	2	3	4	5	NA	6	7	8	9	10	11	12	13	14	15	NA	NA	NA	NA	NA	NA	NA	16	NA	17	18	19	NA	20	NA	NA	NA	20a	NA	21	NA	NA	22	23	24	25	26	27	28	29	30	31	32	33	34	35	36	37	38	39	40	41	42	43	44	45	NA	NA	NA	NA	NA	NA	NA	NA	NA	NA	NA	NA	NA	NA	NA	NA	46	47	48	49	50	51	52	53	54	55	56	57	58	59	60	61	62	63	64	65	66	NA	67	68	69	70	71	72	NA	73	74	75
tRNA-Asp-GTC-1-3	1	2	3	4	5	NA	6	7	8	9	10	11	12	13	14	15	NA	NA	NA	NA	NA	NA	NA	16	NA	17	18	19	NA	20	NA	NA	NA	20a	NA	21	NA	NA	22	23	24	25	26	27	28	29	30	31	32	33	34	35	36	37	38	39	40	41	42	43	44	45	NA	NA	NA	NA	NA	NA	NA	NA	NA	NA	NA	NA	NA	NA	NA	NA	46	47	48	49	50	51	52	53	54	55	56	57	58	59	60	61	62	63	64	65	66	NA	67	68	69	70	71	72	NA	73	74	75
tRNA-Cys-GCA-1-1	1	2	3	4	5	NA	6	7	8	9	NA	11	12	13	14	15	NA	NA	NA	NA	NA	NA	NA	16	NA	18	19	20	NA	21	NA	NA	NA	22	NA	23	NA	NA	24	NA	26	27	28	29	30	31	32	33	34	35	36	37	38	39	40	41	42	43	44	45	46	48	NA	NA	NA	NA	NA	NA	NA	NA	NA	NA	NA	NA	NA	NA	NA	NA	49	50	51	52	53	54	55	56	57	58	59	60	61	62	63	64	65	66	67	68	69	NA	70	71	72	73	74	75	NA	76	NA	NA
tRNA-Gln-CTG-1-1	NA	NA	NA	4	5	NA	6	7	8	9	NA	11	12	13	14	15	NA	NA	NA	NA	NA	NA	NA	16	NA	18	19	20	NA	21	NA	NA	NA	22	NA	23	NA	NA	24	NA	26	27	28	29	30	31	32	33	34	35	36	37	38	39	40	41	42	43	44	45	46	47	NA	NA	NA	NA	NA	NA	NA	NA	NA	NA	NA	NA	NA	NA	NA	NA	48	49	50	51	52	53	54	55	56	57	58	59	60	61	62	63	64	65	66	67	68	NA	69	NA	NA	NA	73	74	NA	75	76	NA
tRNA-Gln-CTG-1-2	NA	NA	NA	4	5	NA	6	7	8	9	NA	11	12	13	14	15	NA	NA	NA	NA	NA	NA	NA	16	NA	18	19	20	NA	21	NA	NA	NA	22	NA	23	NA	NA	24	NA	26	27	28	29	30	31	32	33	34	35	36	37	38	39	40	41	42	43	44	45	46	47	NA	NA	NA	NA	NA	NA	NA	NA	NA	NA	NA	NA	NA	NA	NA	NA	48	49	50	51	52	53	54	55	56	57	58	59	60	61	62	63	64	65	66	67	68	NA	69	NA	NA	NA	73	74	NA	75	76	NA
tRNA-Gln-TTG-1-1	1	2	3	4	5	NA	6	7	8	9	NA	11	12	13	14	15	NA	NA	NA	NA	NA	NA	NA	16	NA	18	19	20	NA	21	NA	NA	NA	22	NA	23	NA	NA	24	NA	26	27	28	29	30	31	32	33	34	35	36	37	38	39	40	41	42	43	44	45	46	47	NA	NA	NA	NA	NA	NA	NA	NA	NA	NA	NA	NA	NA	NA	NA	NA	48	49	50	51	52	53	54	55	56	57	58	59	60	61	62	63	64	65	66	67	68	NA	69	70	71	72	73	74	NA	75	76	NA
tRNA-Gln-TTG-1-2	1	2	3	4	5	NA	6	7	8	9	NA	11	12	13	14	15	NA	NA	NA	NA	NA	NA	NA	16	NA	18	19	20	NA	21	NA	NA	NA	22	NA	23	NA	NA	24	NA	26	27	28	29	30	31	32	33	34	35	36	37	38	39	40	41	42	43	44	45	46	47	NA	NA	NA	NA	NA	NA	NA	NA	NA	NA	NA	NA	NA	NA	NA	NA	48	49	50	51	52	53	54	55	56	57	58	59	60	61	62	63	64	65	66	67	68	NA	69	70	71	72	73	74	NA	75	76	NA
tRNA-Glu-TTC-1-1	NA	2	3	4	5	NA	6	7	8	9	10	11	12	13	14	15	NA	NA	NA	NA	NA	NA	NA	16	NA	18	19	20	NA	20a	NA	NA	NA	21	NA	22	NA	NA	23	24	25	26	27	28	29	30	31	32	33	34	35	36	37	38	39	40	41	42	43	44	45	46	NA	NA	NA	NA	NA	NA	NA	NA	NA	NA	NA	NA	NA	NA	NA	NA	48	49	50	51	52	53	54	55	56	57	58	59	60	61	62	63	64	65	66	67	68	NA	69	70	71	NA	73	74	NA	75	76	NA
tRNA-Glu-TTC-1-2	NA	2	3	4	5	NA	6	7	8	9	10	11	12	13	14	15	NA	NA	NA	NA	NA	NA	NA	16	NA	18	19	20	NA	20a	NA	NA	NA	21	NA	22	NA	NA	23	24	25	26	27	28	29	30	31	32	33	34	35	36	37	38	39	40	41	42	43	44	45	46	NA	NA	NA	NA	NA	NA	NA	NA	NA	NA	NA	NA	NA	NA	NA	NA	48	49	50	51	52	53	54	55	56	57	58	59	60	61	62	63	64	65	66	67	68	NA	69	70	71	NA	73	74	NA	75	76	NA
tRNA-Glu-TTC-1-3	NA	2	3	4	5	NA	6	7	8	9	10	11	12	13	14	15	NA	NA	NA	NA	NA	NA	NA	16	NA	18	19	20	NA	20a	NA	NA	NA	21	NA	22	NA	NA	23	24	25	26	27	28	29	30	31	32	33	34	35	36	37	38	39	40	41	42	43	44	45	46	NA	NA	NA	NA	NA	NA	NA	NA	NA	NA	NA	NA	NA	NA	NA	NA	48	49	50	51	52	53	54	55	56	57	58	59	60	61	62	63	64	65	66	67	68	NA	69	70	71	NA	73	74	NA	75	76	NA
tRNA-Glu-TTC-1-4	NA	2	3	4	5	NA	6	7	8	9	10	11	12	13	14	15	NA	NA	NA	NA	NA	NA	NA	16	NA	18	19	20	NA	20a	NA	NA	NA	21	NA	22	NA	NA	23	24	25	26	27	28	29	30	31	32	33	34	35	36	37	38	39	40	41	42	43	44	45	46	NA	NA	NA	NA	NA	NA	NA	NA	NA	NA	NA	NA	NA	NA	NA	NA	48	49	50	51	52	53	54	55	56	57	58	59	60	61	62	63	64	65	66	67	68	NA	69	70	71	NA	73	74	NA	75	76	NA
tRNA-Gly-CCC-1-1	1	2	3	4	5	NA	6	7	8	9	10	11	12	13	14	15	NA	NA	NA	NA	NA	NA	NA	16	NA	18	19	20	NA	21	NA	NA	NA	22	NA	23	NA	NA	24	25	26	27	28	29	30	31	32	33	34	35	36	37	38	39	40	41	42	43	44	NA	46	47	NA	NA	NA	NA	NA	NA	NA	NA	NA	NA	NA	NA	NA	NA	NA	NA	48	49	50	51	52	53	54	55	56	57	58	59	60	61	62	63	64	65	66	67	68	NA	69	70	71	72	73	74	NA	75	76	NA
tRNA-Gly-GCC-1-1	1	2	3	4	5	NA	6	7	8	9	10	11	12	13	14	15	NA	NA	NA	NA	NA	NA	NA	16	NA	18	19	20	NA	21	NA	NA	NA	22	NA	23	NA	NA	24	25	26	27	28	29	30	31	32	33	34	35	36	37	38	39	40	41	42	43	44	45	46	47	NA	NA	NA	NA	NA	NA	NA	NA	NA	NA	NA	NA	NA	NA	NA	NA	48	49	50	51	52	53	54	55	56	57	58	59	60	61	62	63	64	65	66	67	68	NA	69	70	71	72	73	74	NA	75	76	NA
tRNA-Gly-GCC-1-2	1	2	3	4	5	NA	6	7	8	9	10	11	12	13	14	15	NA	NA	NA	NA	NA	NA	NA	16	NA	18	19	20	NA	21	NA	NA	NA	22	NA	23	NA	NA	24	25	26	27	28	29	30	31	32	33	34	35	36	37	38	39	40	41	42	43	44	45	46	47	NA	NA	NA	NA	NA	NA	NA	NA	NA	NA	NA	NA	NA	NA	NA	NA	48	49	50	51	52	53	54	55	56	57	58	59	60	61	62	63	64	65	66	67	68	NA	69	70	71	72	73	74	NA	75	76	NA
tRNA-Gly-GCC-1-3	1	2	3	4	5	NA	6	7	8	9	10	11	12	13	14	15	NA	NA	NA	NA	NA	NA	NA	16	NA	18	19	20	NA	21	NA	NA	NA	22	NA	23	NA	NA	24	25	26	27	28	29	30	31	32	33	34	35	36	37	38	39	40	41	42	43	44	45	46	47	NA	NA	NA	NA	NA	NA	NA	NA	NA	NA	NA	NA	NA	NA	NA	NA	48	49	50	51	52	53	54	55	56	57	58	59	60	61	62	63	64	65	66	67	68	NA	69	70	71	72	73	74	NA	75	76	NA
tRNA-Gly-GCC-1-4	1	2	3	4	5	NA	6	7	8	9	10	11	12	13	14	15	NA	NA	NA	NA	NA	NA	NA	16	NA	18	19	20	NA	21	NA	NA	NA	22	NA	23	NA	NA	24	25	26	27	28	29	30	31	32	33	34	35	36	37	38	39	40	41	42	43	44	45	46	47	NA	NA	NA	NA	NA	NA	NA	NA	NA	NA	NA	NA	NA	NA	NA	NA	48	49	50	51	52	53	54	55	56	57	58	59	60	61	62	63	64	65	66	67	68	NA	69	70	71	72	73	74	NA	75	76	NA
tRNA-Gly-TCC-1-1	1	2	3	4	5	NA	6	7	8	9	10	11	12	NA	14	15	NA	NA	NA	NA	NA	NA	NA	16	NA	18	19	20	NA	21	NA	NA	NA	NA	NA	23	NA	NA	24	25	26	27	28	29	30	31	32	33	34	35	36	37	38	39	40	41	42	43	44	NA	46	47	NA	NA	NA	NA	NA	NA	NA	NA	NA	NA	NA	NA	NA	NA	NA	NA	48	49	50	51	52	53	54	55	56	57	58	59	60	61	62	63	64	65	66	67	68	NA	69	70	71	72	73	74	NA	75	76	NA
tRNA-His-GTG-1-1	1	2	3	4	5	NA	6	7	8	9	10	11	12	13	14	15	NA	NA	NA	NA	NA	NA	NA	16	NA	17	18	19	NA	20	NA	NA	NA	20a	NA	NA	NA	NA	22	23	24	25	26	27	28	29	30	31	32	33	34	35	36	37	38	39	40	41	42	43	44	45	NA	NA	NA	NA	NA	NA	NA	NA	NA	NA	NA	NA	NA	NA	NA	NA	46	47	48	49	50	51	52	53	54	55	56	57	58	59	60	61	62	63	64	65	66	NA	67	68	69	70	71	72	NA	73	74	75
tRNA-Ile-GAT-1-1	1	2	3	4	5	NA	6	7	8	9	10	11	12	13	14	15	NA	NA	NA	NA	NA	NA	NA	16	NA	17	18	19	NA	20	NA	NA	NA	20a	NA	21	NA	NA	22	23	24	25	26	27	28	29	30	31	32	33	34	35	36	37	38	39	40	41	42	43	44	45	NA	NA	NA	NA	NA	NA	NA	NA	NA	NA	NA	NA	NA	NA	NA	NA	46	47	48	49	50	51	52	53	54	55	56	57	58	59	60	61	62	63	64	65	66	NA	67	68	69	70	71	72	NA	73	74	75
tRNA-Ile-GAT-1-2	1	2	3	4	5	NA	6	7	8	9	10	11	12	13	14	15	NA	NA	NA	NA	NA	NA	NA	16	NA	17	18	19	NA	20	NA	NA	NA	20a	NA	21	NA	NA	22	23	24	25	26	27	28	29	30	31	32	33	34	35	36	37	38	39	40	41	42	43	44	45	NA	NA	NA	NA	NA	NA	NA	NA	NA	NA	NA	NA	NA	NA	NA	NA	46	47	48	49	50	51	52	53	54	55	56	57	58	59	60	61	62	63	64	65	66	NA	67	68	69	70	71	72	NA	73	74	75
tRNA-Ile-GAT-1-3	1	2	3	4	5	NA	6	7	8	9	10	11	12	13	14	15	NA	NA	NA	NA	NA	NA	NA	16	NA	17	18	19	NA	20	NA	NA	NA	20a	NA	21	NA	NA	22	23	24	25	26	27	28	29	30	31	32	33	34	35	36	37	38	39	40	41	42	43	44	45	NA	NA	NA	NA	NA	NA	NA	NA	NA	NA	NA	NA	NA	NA	NA	NA	46	47	48	49	50	51	52	53	54	55	56	57	58	59	60	61	62	63	64	65	66	NA	67	68	69	70	71	72	NA	73	74	75
tRNA-Ile2-CAT-1-1	1	2	3	4	5	NA	6	7	8	9	10	11	12	13	14	15	NA	NA	NA	NA	NA	NA	NA	16	NA	NA	18	19	NA	20	NA	NA	NA	21	NA	22	NA	NA	23	24	25	26	27	28	29	30	31	32	33	34	35	36	37	38	39	40	41	42	43	44	45	46	NA	NA	NA	NA	NA	NA	NA	NA	NA	NA	NA	NA	NA	NA	NA	NA	47	48	49	50	51	52	53	54	55	56	57	58	59	60	61	62	63	64	65	66	67	NA	68	69	70	71	72	73	NA	NA	NA	NA
tRNA-Ile2-CAT-2-1	1	2	3	4	5	NA	6	7	8	9	10	11	12	13	14	15	NA	NA	NA	NA	NA	NA	NA	16	NA	NA	18	19	NA	20	NA	NA	NA	21	NA	22	NA	NA	23	24	25	26	27	28	29	30	31	32	33	34	35	36	37	38	39	40	41	42	43	44	45	46	NA	NA	NA	NA	NA	NA	NA	NA	NA	NA	NA	NA	NA	NA	NA	NA	47	48	49	50	51	52	53	54	55	56	57	58	59	60	61	62	63	64	65	66	67	NA	68	69	70	71	72	73	NA	NA	NA	NA
tRNA-Leu-CAA-1-1	1	2	3	4	5	NA	6	7	8	9	NA	11	12	13	14	15	NA	NA	NA	NA	NA	NA	NA	16	NA	17	18	19	NA	20	NA	NA	NA	20a	NA	21	NA	NA	22	23	24	NA	26	27	28	29	30	31	32	33	34	35	36	37	38	39	40	41	42	43	44	NA	e1	e2	e3	e4	NA	NA	NA	e12	e13	e14	NA	NA	e22	e23	e24	NA	NA	NA	NA	NA	NA	NA	NA	NA	NA	NA	NA	46	48	49	50	51	52	53	54	55	56	NA	57	58	59	60	61	62	NA	63	64	65
tRNA-Leu-CAG-1-1	NA	2	3	4	5	NA	6	7	8	9	NA	11	12	13	14	15	NA	NA	NA	NA	NA	NA	NA	16	NA	17	18	19	NA	20	NA	NA	NA	20a	NA	21	NA	NA	22	23	24	NA	26	27	28	29	30	31	32	33	34	35	36	37	38	39	40	41	42	43	44	NA	e1	e2	e3	e4	NA	NA	NA	e12	e13	e14	NA	NA	e22	e23	e24	NA	NA	NA	NA	NA	NA	NA	NA	NA	NA	NA	NA	46	48	49	50	51	52	53	54	55	56	NA	57	58	59	60	61	62	NA	63	64	65
tRNA-Leu-CAG-1-2	NA	2	3	4	5	NA	6	7	8	9	NA	11	12	13	14	15	NA	NA	NA	NA	NA	NA	NA	16	NA	17	18	19	NA	20	NA	NA	NA	20a	NA	21	NA	NA	22	23	24	NA	26	27	28	29	30	31	32	33	34	35	36	37	38	39	40	41	42	43	44	NA	e1	e2	e3	e4	NA	NA	NA	e12	e13	e14	NA	NA	e22	e23	e24	NA	NA	NA	NA	NA	NA	NA	NA	NA	NA	NA	NA	46	48	49	50	51	52	53	54	55	56	NA	57	58	59	60	61	62	NA	63	64	65
tRNA-Leu-CAG-1-3	NA	2	3	4	5	NA	6	7	8	9	NA	11	12	13	14	15	NA	NA	NA	NA	NA	NA	NA	16	NA	17	18	19	NA	20	NA	NA	NA	20a	NA	21	NA	NA	22	23	24	NA	26	27	28	29	30	31	32	33	34	35	36	37	38	39	40	41	42	43	44	NA	e1	e2	e3	e4	NA	NA	NA	e12	e13	e14	NA	NA	e22	e23	e24	NA	NA	NA	NA	NA	NA	NA	NA	NA	NA	NA	NA	46	48	49	50	51	52	53	54	55	56	NA	57	58	59	60	61	62	NA	63	64	65
tRNA-Leu-CAG-2-1	NA	2	3	4	5	NA	6	7	8	9	NA	11	12	13	14	15	NA	NA	NA	NA	NA	NA	NA	16	NA	17	18	19	NA	20	NA	NA	NA	20a	NA	21	NA	NA	22	23	24	NA	26	27	28	29	30	31	32	33	34	35	36	37	38	39	40	41	42	43	44	NA	e1	e2	e3	e4	NA	NA	NA	e12	e13	e14	NA	NA	e22	e23	e24	NA	NA	NA	NA	NA	NA	NA	NA	NA	NA	NA	NA	46	48	49	50	51	52	53	54	55	56	NA	57	58	59	60	61	62	NA	63	64	65
tRNA-Leu-GAG-1-1	1	2	3	4	5	NA	6	7	8	9	NA	11	12	13	14	15	NA	NA	NA	NA	NA	NA	NA	16	NA	17	18	19	NA	20	NA	NA	NA	20a	NA	21	NA	NA	22	23	24	NA	26	27	28	29	30	31	32	33	34	35	36	37	38	39	40	41	42	43	44	NA	e1	e2	e3	e4	NA	NA	NA	e12	e13	e14	NA	NA	e22	e23	e24	NA	NA	NA	NA	NA	NA	NA	NA	NA	NA	NA	NA	46	48	49	50	51	52	53	54	55	56	NA	57	58	59	60	61	62	NA	63	64	65
tRNA-Leu-TAA-1-1	1	2	3	4	5	NA	6	7	8	9	NA	11	12	13	14	15	NA	NA	NA	NA	NA	NA	NA	16	NA	17	18	19	NA	20	NA	NA	NA	20a	NA	21	NA	NA	22	23	24	NA	26	27	28	29	30	31	32	33	34	35	36	37	38	39	40	41	42	43	44	NA	e1	e2	e3	e4	NA	NA	NA	e12	e13	e14	NA	NA	e22	e23	e24	NA	NA	NA	NA	NA	NA	NA	NA	NA	NA	NA	NA	46	48	49	50	51	52	53	54	55	56	NA	57	58	59	60	61	62	NA	63	64	65
tRNA-Leu-TAG-1-1	1	2	3	4	5	NA	6	7	8	9	NA	11	12	13	14	15	NA	NA	NA	NA	NA	NA	NA	16	NA	17	18	19	NA	20	NA	NA	NA	20a	NA	21	NA	NA	22	23	24	NA	26	27	28	29	30	31	32	33	34	35	36	37	38	39	40	41	42	43	44	NA	e1	e2	e3	e4	NA	NA	NA	e12	e13	e14	NA	NA	e22	e23	e24	NA	NA	NA	NA	NA	NA	NA	NA	NA	NA	NA	NA	46	48	49	50	51	52	53	54	55	56	NA	57	58	59	60	61	62	NA	63	64	65
tRNA-Lys-TTT-1-1	1	2	3	4	5	NA	6	7	8	9	10	11	12	13	14	15	NA	NA	NA	NA	NA	NA	NA	16	NA	17	18	19	NA	20	NA	NA	NA	21	NA	22	NA	NA	23	24	25	26	27	28	29	30	31	32	33	34	35	36	37	38	39	40	41	42	43	44	45	46	NA	NA	NA	NA	NA	NA	NA	NA	NA	NA	NA	NA	NA	NA	NA	NA	47	48	49	50	51	52	53	54	55	56	57	58	59	60	61	62	63	64	65	66	67	NA	68	69	70	71	72	73	NA	74	75	76
tRNA-Lys-TTT-1-2	1	2	3	4	5	NA	6	7	8	9	10	11	12	13	14	15	NA	NA	NA	NA	NA	NA	NA	16	NA	17	18	19	NA	20	NA	NA	NA	21	NA	22	NA	NA	23	24	25	26	27	28	29	30	31	32	33	34	35	36	37	38	39	40	41	42	43	44	45	46	NA	NA	NA	NA	NA	NA	NA	NA	NA	NA	NA	NA	NA	NA	NA	NA	47	48	49	50	51	52	53	54	55	56	57	58	59	60	61	62	63	64	65	66	67	NA	68	69	70	71	72	73	NA	74	75	76
tRNA-Lys-TTT-1-3	1	2	3	4	5	NA	6	7	8	9	10	11	12	13	14	15	NA	NA	NA	NA	NA	NA	NA	16	NA	17	18	19	NA	20	NA	NA	NA	21	NA	22	NA	NA	23	24	25	26	27	28	29	30	31	32	33	34	35	36	37	38	39	40	41	42	43	44	45	46	NA	NA	NA	NA	NA	NA	NA	NA	NA	NA	NA	NA	NA	NA	NA	NA	47	48	49	50	51	52	53	54	55	56	57	58	59	60	61	62	63	64	65	66	67	NA	68	69	70	71	72	73	NA	74	75	76
tRNA-Lys-TTT-1-4	1	2	3	4	5	NA	6	7	8	9	10	11	12	13	14	15	NA	NA	NA	NA	NA	NA	NA	16	NA	17	18	19	NA	20	NA	NA	NA	21	NA	22	NA	NA	23	24	25	26	27	28	29	30	31	32	33	34	35	36	37	38	39	40	41	42	43	44	45	46	NA	NA	NA	NA	NA	NA	NA	NA	NA	NA	NA	NA	NA	NA	NA	NA	47	48	49	50	51	52	53	54	55	56	57	58	59	60	61	62	63	64	65	66	67	NA	68	69	70	71	72	73	NA	74	75	76
tRNA-Lys-TTT-1-5	1	2	3	4	5	NA	6	7	8	9	10	11	12	13	14	15	NA	NA	NA	NA	NA	NA	NA	16	NA	17	18	19	NA	20	NA	NA	NA	21	NA	22	NA	NA	23	24	25	26	27	28	29	30	31	32	33	34	35	36	37	38	39	40	41	42	43	44	45	46	NA	NA	NA	NA	NA	NA	NA	NA	NA	NA	NA	NA	NA	NA	NA	NA	47	48	49	50	51	52	53	54	55	56	57	58	59	60	61	62	63	64	65	66	67	NA	68	69	70	71	72	73	NA	74	75	76
tRNA-Lys-TTT-1-6	1	2	3	4	5	NA	6	7	8	9	10	11	12	13	14	15	NA	NA	NA	NA	NA	NA	NA	16	NA	17	18	19	NA	20	NA	NA	NA	21	NA	22	NA	NA	23	24	25	26	27	28	29	30	31	32	33	34	35	36	37	38	39	40	41	42	43	44	45	46	NA	NA	NA	NA	NA	NA	NA	NA	NA	NA	NA	NA	NA	NA	NA	NA	47	48	49	50	51	52	53	54	55	56	57	58	59	60	61	62	63	64	65	66	67	NA	68	69	70	71	72	73	NA	74	75	76
tRNA-Met-CAT-1-1	1	2	3	4	5	NA	6	7	8	9	10	11	12	13	14	15	NA	NA	NA	NA	NA	NA	NA	16	NA	17	18	19	NA	20	NA	NA	NA	20a	NA	21	NA	NA	22	23	24	25	26	27	28	29	30	31	32	33	34	35	36	37	38	39	40	41	42	43	44	45	NA	NA	NA	NA	NA	NA	NA	NA	NA	NA	NA	NA	NA	NA	NA	NA	46	47	48	49	50	NA	52	53	54	55	56	57	58	59	60	61	62	NA	64	65	66	NA	67	68	69	70	71	72	NA	73	74	75
tRNA-Met-CAT-1-2	1	2	3	4	5	NA	6	7	8	9	10	11	12	13	14	15	NA	NA	NA	NA	NA	NA	NA	16	NA	17	18	19	NA	20	NA	NA	NA	20a	NA	21	NA	NA	22	23	24	25	26	27	28	29	30	31	32	33	34	35	36	37	38	39	40	41	42	43	44	45	NA	NA	NA	NA	NA	NA	NA	NA	NA	NA	NA	NA	NA	NA	NA	NA	46	47	48	49	50	NA	52	53	54	55	56	57	58	59	60	61	62	NA	64	65	66	NA	67	68	69	70	71	72	NA	73	74	75
tRNA-Phe-GAA-1-1	1	2	3	4	5	NA	6	7	8	9	10	11	12	13	14	15	NA	NA	NA	NA	NA	NA	NA	16	NA	17	18	19	NA	20	NA	NA	NA	21	NA	22	NA	NA	23	24	25	26	27	28	29	30	31	32	33	34	35	36	37	38	39	40	41	42	43	44	45	46	NA	NA	NA	NA	NA	NA	NA	NA	NA	NA	NA	NA	NA	NA	NA	NA	47	48	49	50	51	52	53	54	55	56	57	58	59	60	61	62	63	64	65	66	67	NA	68	69	70	71	72	73	NA	NA	NA	NA
tRNA-Phe-GAA-1-2	1	2	3	4	5	NA	6	7	8	9	10	11	12	13	14	15	NA	NA	NA	NA	NA	NA	NA	16	NA	17	18	19	NA	20	NA	NA	NA	21	NA	22	NA	NA	23	24	25	26	27	28	29	30	31	32	33	34	35	36	37	38	39	40	41	42	43	44	45	46	NA	NA	NA	NA	NA	NA	NA	NA	NA	NA	NA	NA	NA	NA	NA	NA	47	48	49	50	51	52	53	54	55	56	57	58	59	60	61	62	63	64	65	66	67	NA	68	69	70	71	72	73	NA	NA	NA	NA
tRNA-Pro-CGG-1-1	1	2	3	4	5	NA	6	7	8	9	10	11	12	13	14	15	NA	NA	NA	NA	NA	NA	NA	16	NA	17	17a	18	NA	19	NA	NA	NA	20	NA	21	NA	NA	22	23	24	25	26	27	28	29	30	31	32	33	34	35	36	37	38	39	40	41	42	43	44	45	NA	NA	NA	NA	NA	NA	NA	NA	NA	NA	NA	NA	NA	NA	NA	NA	46	47	48	49	50	51	52	53	54	55	56	57	58	59	60	61	62	63	64	65	66	NA	67	68	69	70	71	72	NA	73	74	75
tRNA-Pro-GGG-1-1	1	2	3	4	5	NA	6	7	8	9	10	11	12	13	14	15	NA	NA	NA	NA	NA	NA	NA	16	NA	17	17a	18	NA	19	NA	NA	NA	20	NA	21	NA	NA	22	23	24	25	26	27	28	29	NA	31	32	33	34	35	36	37	38	39	NA	41	42	43	44	45	NA	NA	NA	NA	NA	NA	NA	NA	NA	NA	NA	NA	NA	NA	NA	NA	46	47	48	49	50	51	52	53	54	55	56	57	58	59	60	61	62	63	64	65	66	NA	67	68	69	70	71	72	NA	73	74	75
tRNA-Pro-TGG-1-1	1	2	3	4	5	NA	6	7	8	9	10	11	12	13	14	15	NA	NA	NA	NA	NA	NA	NA	16	NA	17	17a	18	NA	19	NA	NA	NA	20	NA	21	NA	NA	22	23	24	25	26	27	28	29	30	31	32	33	34	35	36	37	38	39	40	41	42	43	44	45	NA	NA	NA	NA	NA	NA	NA	NA	NA	NA	NA	NA	NA	NA	NA	NA	46	47	48	49	50	51	52	53	54	55	56	57	58	59	60	61	62	63	64	65	66	NA	67	68	69	70	71	72	NA	73	74	75
tRNA-Ser-CGA-1-1	1	2	3	4	5	NA	6	7	8	9	10	11	12	NA	14	15	NA	NA	NA	NA	NA	NA	NA	16	NA	18	19	20	NA	20a	NA	NA	NA	20b	NA	21	NA	NA	NA	23	24	25	26	27	28	29	30	31	32	33	34	35	36	37	38	39	40	41	42	43	44	45	e1	e2	e3	e4	NA	NA	e11	e12	e13	e14	e15	e21	e22	e23	e24	e25	NA	NA	NA	NA	NA	NA	NA	NA	NA	NA	NA	NA	NA	NA	46	48	49	50	51	52	53	NA	54	55	56	57	58	59	NA	60	61	62
tRNA-Ser-GCT-1-1	1	2	3	4	5	NA	6	7	8	9	10	11	12	NA	14	15	NA	NA	NA	NA	NA	NA	NA	16	NA	18	19	20	NA	20a	NA	NA	NA	20b	NA	21	NA	NA	NA	23	24	25	26	27	28	29	30	31	32	33	34	35	36	37	38	39	40	41	42	43	44	45	e1	e2	e3	e4	NA	NA	e11	e12	e13	e14	e15	e21	e22	e23	e24	e25	NA	NA	NA	NA	NA	NA	NA	NA	NA	NA	NA	NA	NA	NA	46	48	49	50	51	52	53	NA	54	55	56	57	58	59	NA	60	61	62
tRNA-Ser-GGA-1-1	1	2	3	4	5	NA	6	7	8	9	10	11	12	NA	14	15	NA	NA	NA	NA	NA	NA	NA	16	NA	18	19	20	NA	20a	NA	NA	NA	20b	NA	21	NA	NA	NA	23	24	25	26	27	28	29	30	31	32	33	34	35	36	37	38	39	40	41	42	43	44	45	e1	e2	e3	e4	NA	NA	e11	e12	e13	e14	NA	e21	e22	e23	e24	NA	NA	NA	NA	NA	NA	NA	NA	NA	NA	NA	NA	NA	NA	NA	46	48	49	50	51	52	53	NA	54	55	56	57	58	59	NA	60	61	62
tRNA-Ser-GGA-1-2	1	2	3	4	5	NA	6	7	8	9	10	11	12	NA	14	15	NA	NA	NA	NA	NA	NA	NA	16	NA	18	19	20	NA	20a	NA	NA	NA	20b	NA	21	NA	NA	NA	23	24	25	26	27	28	29	30	31	32	33	34	35	36	37	38	39	40	41	42	43	44	45	e1	e2	e3	e4	NA	NA	e11	e12	e13	e14	NA	e21	e22	e23	e24	NA	NA	NA	NA	NA	NA	NA	NA	NA	NA	NA	NA	NA	NA	NA	46	48	49	50	51	52	53	NA	54	55	56	57	58	59	NA	60	61	62
tRNA-Ser-TGA-1-1	1	2	3	4	5	NA	6	7	8	9	10	11	12	NA	14	15	NA	NA	NA	NA	NA	NA	NA	16	NA	18	19	20	NA	20a	NA	NA	NA	20b	NA	21	NA	NA	NA	23	24	25	26	27	28	29	30	31	32	33	34	35	36	37	38	39	40	41	42	43	44	45	e1	e2	e3	e4	NA	NA	e11	e12	e13	e14	NA	e21	e22	e23	e24	NA	NA	NA	NA	NA	NA	NA	NA	NA	NA	NA	NA	NA	NA	NA	46	48	49	50	51	52	53	NA	54	55	56	57	58	59	NA	60	61	62
tRNA-Thr-CGT-1-1	1	2	3	4	5	NA	6	7	8	9	10	11	12	13	14	15	NA	NA	NA	NA	NA	NA	NA	16	NA	17	18	19	NA	20	NA	NA	NA	21	NA	22	NA	NA	23	24	25	26	NA	28	29	30	31	32	33	34	35	36	37	38	39	40	41	42	NA	44	45	46	NA	NA	NA	NA	NA	NA	NA	NA	NA	NA	NA	NA	NA	NA	NA	NA	47	48	49	50	51	52	53	54	55	56	57	58	59	60	61	62	63	64	65	66	67	NA	68	69	70	71	72	73	NA	74	75	76
tRNA-Thr-CGT-2-1	NA	NA	NA	NA	NA	NA	NA	7	8	9	10	11	12	13	14	15	NA	NA	NA	NA	NA	NA	NA	NA	NA	NA	NA	NA	NA	NA	NA	NA	NA	NA	NA	22	NA	NA	23	24	25	26	27	28	29	30	31	32	33	34	35	36	37	38	39	40	41	42	43	44	45	46	NA	NA	NA	NA	NA	NA	NA	NA	NA	NA	NA	NA	NA	NA	NA	NA	47	48	49	50	51	52	53	54	55	56	57	58	59	60	61	62	63	64	65	66	NA	NA	NA	NA	NA	NA	NA	73	NA	74	75	76
tRNA-Thr-GGT-1-1	1	2	3	4	5	NA	6	7	8	9	10	11	12	13	14	15	NA	NA	NA	NA	NA	NA	NA	16	NA	17	18	19	NA	20	NA	NA	NA	21	NA	22	NA	NA	23	24	25	26	27	28	29	30	31	32	33	34	35	36	37	38	39	40	41	42	43	44	45	46	NA	NA	NA	NA	NA	NA	NA	NA	NA	NA	NA	NA	NA	NA	NA	NA	47	48	49	50	51	52	53	54	55	56	57	58	59	60	61	62	63	64	65	66	67	NA	68	69	70	71	72	73	NA	74	75	76
tRNA-Thr-GGT-2-1	1	2	3	4	5	NA	6	7	8	9	10	11	12	13	14	15	NA	NA	NA	NA	NA	NA	NA	16	NA	17	18	19	NA	20	NA	NA	NA	21	NA	22	NA	NA	23	24	25	26	27	28	29	30	31	32	33	34	35	36	37	38	39	40	41	42	43	44	45	46	NA	NA	NA	NA	NA	NA	NA	NA	NA	NA	NA	NA	NA	NA	NA	NA	47	48	49	50	51	52	53	54	55	56	57	58	59	60	61	62	63	64	65	66	67	NA	68	69	70	71	72	73	NA	74	75	76
tRNA-Thr-TGT-1-1	1	2	3	4	5	NA	6	7	8	9	10	11	12	13	14	15	NA	NA	NA	NA	NA	NA	NA	16	NA	17	18	19	NA	20	NA	NA	NA	21	NA	22	NA	NA	23	24	25	26	27	28	29	30	31	32	33	34	35	36	37	38	39	40	41	42	43	44	45	46	NA	NA	NA	NA	NA	NA	NA	NA	NA	NA	NA	NA	NA	NA	NA	NA	47	48	49	50	51	NA	53	54	55	56	57	58	59	60	61	NA	63	64	65	66	67	NA	68	69	70	71	72	73	NA	74	75	76
tRNA-Trp-CCA-1-1	1	2	3	4	5	NA	6	7	8	9	10	11	12	13	14	15	NA	NA	NA	NA	NA	NA	NA	16	NA	17	18	19	NA	20	NA	NA	NA	21	NA	22	NA	NA	23	24	25	26	27	28	29	30	31	32	33	34	35	36	37	38	39	40	41	42	43	44	45	46	NA	NA	NA	NA	NA	NA	NA	NA	NA	NA	NA	NA	NA	NA	NA	NA	47	48	49	50	51	52	53	54	55	56	57	58	59	60	61	62	63	64	65	66	67	NA	68	69	70	71	72	73	NA	74	75	76
tRNA-Tyr-GTA-1-1	1	2	3	4	5	NA	6	7	8	9	NA	11	12	13	14	15	NA	NA	NA	NA	NA	NA	NA	16	NA	18	19	20	NA	20a	NA	NA	NA	20b	NA	21	NA	NA	22	23	24	NA	26	27	28	29	30	31	32	33	34	35	36	37	38	39	40	41	42	43	44	NA	e1	e2	e3	NA	NA	NA	e11	e12	e13	NA	NA	e21	e22	e23	NA	NA	NA	NA	NA	NA	NA	NA	NA	NA	46	47	48	49	50	51	52	53	54	55	56	57	58	NA	59	60	61	62	63	64	NA	65	66	67
tRNA-Tyr-GTA-2-1	1	2	3	4	5	NA	6	7	8	9	NA	11	12	13	14	15	NA	NA	NA	NA	NA	NA	NA	16	NA	18	19	20	NA	20a	NA	NA	NA	20b	NA	21	NA	NA	22	23	24	NA	26	27	28	29	30	31	32	33	34	35	36	37	38	39	40	41	42	43	44	NA	e1	e2	e3	NA	NA	NA	e11	e12	e13	NA	NA	e21	e22	e23	NA	NA	NA	NA	NA	NA	NA	NA	NA	NA	46	47	48	49	50	51	52	53	54	55	56	57	58	NA	59	60	61	62	63	64	NA	65	66	67
tRNA-Tyr-GTA-2-2	1	2	3	4	5	NA	6	7	8	9	NA	11	12	13	14	15	NA	NA	NA	NA	NA	NA	NA	16	NA	18	19	20	NA	20a	NA	NA	NA	20b	NA	21	NA	NA	22	23	24	NA	26	27	28	29	30	31	32	33	34	35	36	37	38	39	40	41	42	43	44	NA	e1	e2	e3	NA	NA	NA	e11	e12	e13	NA	NA	e21	e22	e23	NA	NA	NA	NA	NA	NA	NA	NA	NA	NA	46	47	48	49	50	51	52	53	54	55	56	57	58	NA	59	60	61	62	63	64	NA	65	66	67
tRNA-Val-GAC-1-1	1	2	3	4	5	NA	6	7	8	9	10	11	12	13	14	15	NA	NA	NA	NA	NA	NA	NA	16	NA	17	18	19	NA	20	NA	NA	NA	21	NA	22	NA	NA	23	24	25	26	27	28	29	30	31	32	33	34	35	36	37	38	39	40	41	42	43	44	45	46	NA	NA	NA	NA	NA	NA	NA	NA	NA	NA	NA	NA	NA	NA	NA	NA	47	48	49	50	51	52	53	54	55	56	57	58	59	60	61	62	63	64	65	66	67	NA	68	69	70	71	72	73	NA	74	75	76
tRNA-Val-GAC-2-1	1	2	3	4	5	NA	6	7	8	9	10	11	12	13	14	15	NA	NA	NA	NA	NA	NA	NA	16	NA	17	18	19	NA	20	NA	NA	NA	21	NA	22	NA	NA	23	24	25	26	27	28	29	30	31	32	33	34	35	36	37	38	39	40	41	42	43	44	45	46	NA	NA	NA	NA	NA	NA	NA	NA	NA	NA	NA	NA	NA	NA	NA	NA	47	48	49	50	51	52	53	54	55	56	57	58	59	60	61	62	63	64	65	66	67	NA	68	69	70	71	72	73	NA	74	75	76
tRNA-Val-TAC-1-1	1	2	3	4	5	NA	6	7	8	9	10	11	12	13	14	15	NA	NA	NA	NA	NA	NA	NA	16	NA	17	18	19	NA	20	NA	NA	NA	21	NA	22	NA	NA	23	24	25	26	27	28	29	30	31	32	33	34	35	36	37	38	39	40	41	42	43	44	45	46	NA	NA	NA	NA	NA	NA	NA	NA	NA	NA	NA	NA	NA	NA	NA	NA	47	48	49	50	51	52	53	54	55	56	57	58	59	60	61	62	63	64	65	66	67	NA	68	69	70	71	72	73	NA	74	75	76
tRNA-Val-TAC-1-2	1	2	3	4	5	NA	6	7	8	9	10	11	12	13	14	15	NA	NA	NA	NA	NA	NA	NA	16	NA	17	18	19	NA	20	NA	NA	NA	21	NA	22	NA	NA	23	24	25	26	27	28	29	30	31	32	33	34	35	36	37	38	39	40	41	42	43	44	45	46	NA	NA	NA	NA	NA	NA	NA	NA	NA	NA	NA	NA	NA	NA	NA	NA	47	48	49	50	51	52	53	54	55	56	57	58	59	60	61	62	63	64	65	66	67	NA	68	69	70	71	72	73	NA	74	75	76
tRNA-Val-TAC-1-3	1	2	3	4	5	NA	6	7	8	9	10	11	12	13	14	15	NA	NA	NA	NA	NA	NA	NA	16	NA	17	18	19	NA	20	NA	NA	NA	21	NA	22	NA	NA	23	24	25	26	27	28	29	30	31	32	33	34	35	36	37	38	39	40	41	42	43	44	45	46	NA	NA	NA	NA	NA	NA	NA	NA	NA	NA	NA	NA	NA	NA	NA	NA	47	48	49	50	51	52	53	54	55	56	57	58	59	60	61	62	63	64	65	66	67	NA	68	69	70	71	72	73	NA	74	75	76
tRNA-Val-TAC-1-4	1	2	3	4	5	NA	6	7	8	9	10	11	12	13	14	15	NA	NA	NA	NA	NA	NA	NA	16	NA	17	18	19	NA	20	NA	NA	NA	21	NA	22	NA	NA	23	24	25	26	27	28	29	30	31	32	33	34	35	36	37	38	39	40	41	42	43	44	45	46	NA	NA	NA	NA	NA	NA	NA	NA	NA	NA	NA	NA	NA	NA	NA	NA	47	48	49	50	51	52	53	54	55	56	57	58	59	60	61	62	63	64	65	66	67	NA	68	69	70	71	72	73	NA	74	75	76
tRNA-Val-TAC-1-5	1	2	3	4	5	NA	6	7	8	9	10	11	12	13	14	15	NA	NA	NA	NA	NA	NA	NA	16	NA	17	18	19	NA	20	NA	NA	NA	21	NA	22	NA	NA	23	24	25	26	27	28	29	30	31	32	33	34	35	36	37	38	39	40	41	42	43	44	45	46	NA	NA	NA	NA	NA	NA	NA	NA	NA	NA	NA	NA	NA	NA	NA	NA	47	48	49	50	51	52	53	54	55	56	57	58	59	60	61	62	63	64	65	66	67	NA	68	69	70	71	72	73	NA	74	75	76
