modomics_id	modomics_name	species	trna_type	anticodon	gtRNAdb_trna_id	alignment_score	alignment_identity	modification_position_modomics	modification_char	modification_name	modification_short_name	unmodified_char	position_gtRNAdb	sprinzl_index	sprinzl_label	region	global_index
2	tdbR00000008	Escherichia coli	Ala	GGC	tRNA-Ala-GGC-1-1	152.0	100.0	17	D	dihydrouridine	D	U	17	17	17	D-loop	29
2	tdbR00000008	Escherichia coli	Ala	GGC	tRNA-Ala-GGC-1-1	152.0	100.0	46	7	7N-methyl-8-hydroguanosine-5'-monophosphate	pm7G	G	46	46	46	variable-region	81
2	tdbR00000008	Escherichia coli	Ala	GGC	tRNA-Ala-GGC-1-1	152.0	100.0	54	T	5-methyluridine-5'-monophosphate	pm5U	U	54	54	54	T-loop	89
2	tdbR00000008	Escherichia coli	Ala	GGC	tRNA-Ala-GGC-1-1	152.0	100.0	55	P	pseudouridine-5'-monophosphate	pY	U	55	55	55	T-loop	90
4	tdbR00000359	Escherichia coli	Arg	CCG	tRNA-Arg-CCG-1-1	154.0	100.0	17	D	dihydrouridine	D	U	17	17	17	D-loop	29
4	tdbR00000359	Escherichia coli	Arg	CCG	tRNA-Arg-CCG-1-1	154.0	100.0	21	D	dihydrouridine	D	U	21	21	20a	D-loop	35
4	tdbR00000359	Escherichia coli	Arg	CCG	tRNA-Arg-CCG-1-1	154.0	100.0	33	ʤ	2-thiocytidine-5'-monophosphate	ps2C	C	33	33	32	anticodon-loop	50
4	tdbR00000359	Escherichia coli	Arg	CCG	tRNA-Arg-CCG-1-1	154.0	100.0	38	K	1N-methylguanosine-5'-monophosphate	pm1G	G	38	38	37	anticodon-loop	55
4	tdbR00000359	Escherichia coli	Arg	CCG	tRNA-Arg-CCG-1-1	154.0	100.0	47	7	7N-methyl-8-hydroguanosine-5'-monophosphate	pm7G	G	47	47	46	variable-region	81
4	tdbR00000359	Escherichia coli	Arg	CCG	tRNA-Arg-CCG-1-1	154.0	100.0	55	T	5-methyluridine-5'-monophosphate	pm5U	U	55	55	54	T-loop	89
4	tdbR00000359	Escherichia coli	Arg	CCG	tRNA-Arg-CCG-1-1	154.0	100.0	56	P	pseudouridine-5'-monophosphate	pY	U	56	56	55	T-loop	90
9	tdbR00000020	Escherichia coli	Cys	GCA	tRNA-Cys-GCA-1-1	148.0	100.0	20	D	dihydrouridine	D	U	20	-1		unknown	
1262	1B23_A	Escherichia coli	Cys	GCA	tRNA-Cys-GCA-1-1	144.0	100.0	19	D	dihydrouridine	D	U	20	-1		unknown	
9	tdbR00000020	Escherichia coli	Cys	GCA	tRNA-Cys-GCA-1-1	148.0	100.0	8	4	4-thiouridine-5'-monophosphate	ps4U	U	8	8	8	unknown	13
1262	1B23_A	Escherichia coli	Cys	GCA	tRNA-Cys-GCA-1-1	144.0	100.0	7	4	4-thiouridine-5'-monophosphate	ps4U	U	8	8	8	unknown	13
9	tdbR00000020	Escherichia coli	Cys	GCA	tRNA-Cys-GCA-1-1	148.0	100.0	19	D	dihydrouridine	D	U	19	20	21	D-loop	37
1262	1B23_A	Escherichia coli	Cys	GCA	tRNA-Cys-GCA-1-1	144.0	100.0	18	D	dihydrouridine	D	U	19	20	21	D-loop	37
9	tdbR00000020	Escherichia coli	Cys	GCA	tRNA-Cys-GCA-1-1	148.0	100.0	31	P	pseudouridine-5'-monophosphate	pY	U	31	31	32	anticodon-loop	50
1262	1B23_A	Escherichia coli	Cys	GCA	tRNA-Cys-GCA-1-1	144.0	100.0	30	P	pseudouridine-5'-monophosphate	pY	U	31	31	32	anticodon-loop	50
9	tdbR00000020	Escherichia coli	Cys	GCA	tRNA-Cys-GCA-1-1	148.0	100.0	36	*	2-methylthio-N6-isopentenyladenosine	ms2i6A	A	36	36	37	anticodon-loop	55
1262	1B23_A	Escherichia coli	Cys	GCA	tRNA-Cys-GCA-1-1	144.0	100.0	35	*	2-methylthio-N6-isopentenyladenosine	ms2i6A	A	36	36	37	anticodon-loop	55
9	tdbR00000020	Escherichia coli	Cys	GCA	tRNA-Cys-GCA-1-1	148.0	100.0	38	P	pseudouridine-5'-monophosphate	pY	U	38	38	39	anticodon-stem	57
1262	1B23_A	Escherichia coli	Cys	GCA	tRNA-Cys-GCA-1-1	144.0	100.0	37	P	pseudouridine-5'-monophosphate	pY	U	38	38	39	anticodon-stem	57
9	tdbR00000020	Escherichia coli	Cys	GCA	tRNA-Cys-GCA-1-1	148.0	100.0	52	T	5-methyluridine-5'-monophosphate	pm5U	U	52	52	54	T-loop	89
1262	1B23_A	Escherichia coli	Cys	GCA	tRNA-Cys-GCA-1-1	144.0	100.0	51	T	5-methyluridine-5'-monophosphate	pm5U	U	52	52	54	T-loop	89
9	tdbR00000020	Escherichia coli	Cys	GCA	tRNA-Cys-GCA-1-1	148.0	100.0	53	P	pseudouridine-5'-monophosphate	pY	U	53	53	55	T-loop	90
1262	1B23_A	Escherichia coli	Cys	GCA	tRNA-Cys-GCA-1-1	144.0	100.0	52	P	pseudouridine-5'-monophosphate	pY	U	53	53	55	T-loop	90
13	tdbR00000117	Escherichia coli	Gly	CCC	tRNA-Gly-CCC-1-1	148.0	100.0	8	4	4-thiouridine-5'-monophosphate	ps4U	U	8	8	8	unknown	13
1443	7U2H_DB	Escherichia coli	Gly	CCC	tRNA-Gly-CCC-1-1	140.0	100.0	7	4	4-thiouridine-5'-monophosphate	ps4U	U	8	8	8	unknown	13
1444	7U2H_HD	Escherichia coli	Gly	CCC	tRNA-Gly-CCC-1-1	144.0	100.0	8	4	4-thiouridine-5'-monophosphate	ps4U	U	8	8	8	unknown	13
1445	7U2I_DB	Escherichia coli	Gly	CCC	tRNA-Gly-CCC-1-1	140.0	100.0	7	4	4-thiouridine-5'-monophosphate	ps4U	U	8	8	8	unknown	13
1446	7U2I_HD	Escherichia coli	Gly	CCC	tRNA-Gly-CCC-1-1	144.0	100.0	8	4	4-thiouridine-5'-monophosphate	ps4U	U	8	8	8	unknown	13
1447	7U2J_EB	Escherichia coli	Gly	CCC	tRNA-Gly-CCC-1-1	140.0	100.0	7	4	4-thiouridine-5'-monophosphate	ps4U	U	8	8	8	unknown	13
1448	7U2J_JD	Escherichia coli	Gly	CCC	tRNA-Gly-CCC-1-1	144.0	100.0	8	4	4-thiouridine-5'-monophosphate	ps4U	U	8	8	8	unknown	13
13	tdbR00000117	Escherichia coli	Gly	CCC	tRNA-Gly-CCC-1-1	148.0	100.0	19	D	dihydrouridine	D	U	19	19	20	D-loop	33
13	tdbR00000117	Escherichia coli	Gly	CCC	tRNA-Gly-CCC-1-1	148.0	100.0	52	T	5-methyluridine-5'-monophosphate	pm5U	U	52	53	54	T-loop	89
1443	7U2H_DB	Escherichia coli	Gly	CCC	tRNA-Gly-CCC-1-1	140.0	100.0	50	T	5-methyluridine-5'-monophosphate	pm5U	U	52	53	54	T-loop	89
1444	7U2H_HD	Escherichia coli	Gly	CCC	tRNA-Gly-CCC-1-1	144.0	100.0	51	T	5-methyluridine-5'-monophosphate	pm5U	U	52	53	54	T-loop	89
1445	7U2I_DB	Escherichia coli	Gly	CCC	tRNA-Gly-CCC-1-1	140.0	100.0	50	T	5-methyluridine-5'-monophosphate	pm5U	U	52	53	54	T-loop	89
1446	7U2I_HD	Escherichia coli	Gly	CCC	tRNA-Gly-CCC-1-1	144.0	100.0	51	T	5-methyluridine-5'-monophosphate	pm5U	U	52	53	54	T-loop	89
1447	7U2J_EB	Escherichia coli	Gly	CCC	tRNA-Gly-CCC-1-1	140.0	100.0	50	T	5-methyluridine-5'-monophosphate	pm5U	U	52	53	54	T-loop	89
1448	7U2J_JD	Escherichia coli	Gly	CCC	tRNA-Gly-CCC-1-1	144.0	100.0	51	T	5-methyluridine-5'-monophosphate	pm5U	U	52	53	54	T-loop	89
13	tdbR00000117	Escherichia coli	Gly	CCC	tRNA-Gly-CCC-1-1	148.0	100.0	53	P	pseudouridine-5'-monophosphate	pY	U	53	54	55	T-loop	90
1443	7U2H_DB	Escherichia coli	Gly	CCC	tRNA-Gly-CCC-1-1	140.0	100.0	51	P	pseudouridine-5'-monophosphate	pY	U	53	54	55	T-loop	90
1444	7U2H_HD	Escherichia coli	Gly	CCC	tRNA-Gly-CCC-1-1	144.0	100.0	52	P	pseudouridine-5'-monophosphate	pY	U	53	54	55	T-loop	90
1445	7U2I_DB	Escherichia coli	Gly	CCC	tRNA-Gly-CCC-1-1	140.0	100.0	51	P	pseudouridine-5'-monophosphate	pY	U	53	54	55	T-loop	90
1446	7U2I_HD	Escherichia coli	Gly	CCC	tRNA-Gly-CCC-1-1	144.0	100.0	52	P	pseudouridine-5'-monophosphate	pY	U	53	54	55	T-loop	90
1447	7U2J_EB	Escherichia coli	Gly	CCC	tRNA-Gly-CCC-1-1	140.0	100.0	51	P	pseudouridine-5'-monophosphate	pY	U	53	54	55	T-loop	90
1448	7U2J_JD	Escherichia coli	Gly	CCC	tRNA-Gly-CCC-1-1	144.0	100.0	52	P	pseudouridine-5'-monophosphate	pY	U	53	54	55	T-loop	90
15	tdbR00000118	Escherichia coli	Gly	GCC	tRNA-Gly-GCC-1-1	152.0	100.0	17	D	dihydrouridine	D	U	17	-1		unknown	
15	tdbR00000118	Escherichia coli	Gly	GCC	tRNA-Gly-GCC-1-1	152.0	100.0	8	4	4-thiouridine-5'-monophosphate	ps4U	U	8	8	8	unknown	13
15	tdbR00000118	Escherichia coli	Gly	GCC	tRNA-Gly-GCC-1-1	152.0	100.0	16	D	dihydrouridine	D	U	16	16	16	D-loop	28
15	tdbR00000118	Escherichia coli	Gly	GCC	tRNA-Gly-GCC-1-1	152.0	100.0	20	D	dihydrouridine	D	U	20	19	20	D-loop	33
15	tdbR00000118	Escherichia coli	Gly	GCC	tRNA-Gly-GCC-1-1	152.0	100.0	46	7	7N-methyl-8-hydroguanosine-5'-monophosphate	pm7G	G	46	45	46	variable-region	81
15	tdbR00000118	Escherichia coli	Gly	GCC	tRNA-Gly-GCC-1-1	152.0	100.0	54	T	5-methyluridine-5'-monophosphate	pm5U	U	54	53	54	T-loop	89
15	tdbR00000118	Escherichia coli	Gly	GCC	tRNA-Gly-GCC-1-1	152.0	100.0	55	P	pseudouridine-5'-monophosphate	pY	U	55	54	55	T-loop	90
21	tdbR00000221	Escherichia coli	Leu	CAG	tRNA-Leu-CAG-1-1	174.0	100.0	16	D	dihydrouridine	D	U	16	17	17	D-loop	29
21	tdbR00000221	Escherichia coli	Leu	CAG	tRNA-Leu-CAG-1-1	174.0	100.0	17	D	dihydrouridine	D	U	17	18	18	D-loop	31
21	tdbR00000221	Escherichia coli	Leu	CAG	tRNA-Leu-CAG-1-1	174.0	100.0	18	#	O2'-methylguanosine-5'-monophosphate	pGm	G	18	19	19	D-loop	32
21	tdbR00000221	Escherichia coli	Leu	CAG	tRNA-Leu-CAG-1-1	174.0	100.0	20	D	dihydrouridine	D	U	20	21	20a	D-loop	35
21	tdbR00000221	Escherichia coli	Leu	CAG	tRNA-Leu-CAG-1-1	174.0	100.0	38	K	1N-methylguanosine-5'-monophosphate	pm1G	G	38	38	37	anticodon-loop	55
21	tdbR00000221	Escherichia coli	Leu	CAG	tRNA-Leu-CAG-1-1	174.0	100.0	39	P	pseudouridine-5'-monophosphate	pY	U	39	39	38	anticodon-loop	56
21	tdbR00000221	Escherichia coli	Leu	CAG	tRNA-Leu-CAG-1-1	174.0	100.0	41	P	pseudouridine-5'-monophosphate	pY	U	41	41	40	anticodon-stem	58
21	tdbR00000221	Escherichia coli	Leu	CAG	tRNA-Leu-CAG-1-1	174.0	100.0	65	T	5-methyluridine-5'-monophosphate	pm5U	U	65	65	54	T-loop	89
21	tdbR00000221	Escherichia coli	Leu	CAG	tRNA-Leu-CAG-1-1	174.0	100.0	66	P	pseudouridine-5'-monophosphate	pY	U	66	66	55	T-loop	90
22	tdbR00000222	Escherichia coli	Leu	GAG	tRNA-Leu-GAG-1-1	174.0	100.0	16	D	dihydrouridine	D	U	16	17	17	D-loop	29
22	tdbR00000222	Escherichia coli	Leu	GAG	tRNA-Leu-GAG-1-1	174.0	100.0	17	D	dihydrouridine	D	U	17	18	18	D-loop	31
22	tdbR00000222	Escherichia coli	Leu	GAG	tRNA-Leu-GAG-1-1	174.0	100.0	18	#	O2'-methylguanosine-5'-monophosphate	pGm	G	18	19	19	D-loop	32
22	tdbR00000222	Escherichia coli	Leu	GAG	tRNA-Leu-GAG-1-1	174.0	100.0	20	D	dihydrouridine	D	U	20	21	20a	D-loop	35
22	tdbR00000222	Escherichia coli	Leu	GAG	tRNA-Leu-GAG-1-1	174.0	100.0	38	K	1N-methylguanosine-5'-monophosphate	pm1G	G	38	38	37	anticodon-loop	55
22	tdbR00000222	Escherichia coli	Leu	GAG	tRNA-Leu-GAG-1-1	174.0	100.0	39	P	pseudouridine-5'-monophosphate	pY	U	39	39	38	anticodon-loop	56
22	tdbR00000222	Escherichia coli	Leu	GAG	tRNA-Leu-GAG-1-1	174.0	100.0	65	T	5-methyluridine-5'-monophosphate	pm5U	U	65	65	54	T-loop	89
22	tdbR00000222	Escherichia coli	Leu	GAG	tRNA-Leu-GAG-1-1	174.0	100.0	66	P	pseudouridine-5'-monophosphate	pY	U	66	66	55	T-loop	90
28	tdbR00000067	Escherichia coli	Phe	GAA	tRNA-Phe-GAA-1-1	152.0	100.0	8	4	4-thiouridine-5'-monophosphate	ps4U	U	8	8	8	unknown	13
1144	6Y3G_F	Escherichia coli	Phe	GAA	tRNA-Phe-GAA-1-1	144.0	100.0	8	4	4-thiouridine-5'-monophosphate	ps4U	U	8	8	8	unknown	13
1145	6Y4B_F	Escherichia coli	Phe	GAA	tRNA-Phe-GAA-1-1	152.0	100.0	8	4	4-thiouridine-5'-monophosphate	ps4U	U	8	8	8	unknown	13
1326	4WSD_AC	Escherichia coli	Phe	GAA	tRNA-Phe-GAA-1-1	148.0	100.0	7	4	4-thiouridine-5'-monophosphate	ps4U	U	8	8	8	unknown	13
1385	5WIT_DB	Escherichia coli	Phe	GAA	tRNA-Phe-GAA-1-1	141.5	100.0	7	4	4-thiouridine-5'-monophosphate	ps4U	U	8	8	8	unknown	13
1386	5WIT_HD	Escherichia coli	Phe	GAA	tRNA-Phe-GAA-1-1	141.5	100.0	8	4	4-thiouridine-5'-monophosphate	ps4U	U	8	8	8	unknown	13
1416	6QNR_CC	Escherichia coli	Phe	GAA	tRNA-Phe-GAA-1-1	145.0	98.7	7	4	4-thiouridine-5'-monophosphate	ps4U	U	8	8	8	unknown	13
1419	6XHV_DB	Escherichia coli	Phe	GAA	tRNA-Phe-GAA-1-1	141.5	100.0	7	4	4-thiouridine-5'-monophosphate	ps4U	U	8	8	8	unknown	13
1420	6XHV_HD	Escherichia coli	Phe	GAA	tRNA-Phe-GAA-1-1	141.5	100.0	8	4	4-thiouridine-5'-monophosphate	ps4U	U	8	8	8	unknown	13
1421	6XHW_DB	Escherichia coli	Phe	GAA	tRNA-Phe-GAA-1-1	141.5	100.0	7	4	4-thiouridine-5'-monophosphate	ps4U	U	8	8	8	unknown	13
1422	6XHW_HD	Escherichia coli	Phe	GAA	tRNA-Phe-GAA-1-1	141.5	100.0	8	4	4-thiouridine-5'-monophosphate	ps4U	U	8	8	8	unknown	13
1425	6XHY_DB	Escherichia coli	Phe	GAA	tRNA-Phe-GAA-1-1	141.5	100.0	7	4	4-thiouridine-5'-monophosphate	ps4U	U	8	8	8	unknown	13
1426	6XHY_HD	Escherichia coli	Phe	GAA	tRNA-Phe-GAA-1-1	141.5	100.0	8	4	4-thiouridine-5'-monophosphate	ps4U	U	8	8	8	unknown	13
1453	8CVJ_EB	Escherichia coli	Phe	GAA	tRNA-Phe-GAA-1-1	141.5	100.0	7	4	4-thiouridine-5'-monophosphate	ps4U	U	8	8	8	unknown	13
1454	8CVJ_JD	Escherichia coli	Phe	GAA	tRNA-Phe-GAA-1-1	141.5	100.0	8	4	4-thiouridine-5'-monophosphate	ps4U	U	8	8	8	unknown	13
1455	8CVK_EB	Escherichia coli	Phe	GAA	tRNA-Phe-GAA-1-1	141.5	100.0	7	4	4-thiouridine-5'-monophosphate	ps4U	U	8	8	8	unknown	13
1456	8CVK_JD	Escherichia coli	Phe	GAA	tRNA-Phe-GAA-1-1	141.5	100.0	8	4	4-thiouridine-5'-monophosphate	ps4U	U	8	8	8	unknown	13
1457	8CVL_EB	Escherichia coli	Phe	GAA	tRNA-Phe-GAA-1-1	141.5	100.0	7	4	4-thiouridine-5'-monophosphate	ps4U	U	8	8	8	unknown	13
1458	8CVL_JD	Escherichia coli	Phe	GAA	tRNA-Phe-GAA-1-1	141.5	100.0	8	4	4-thiouridine-5'-monophosphate	ps4U	U	8	8	8	unknown	13
28	tdbR00000067	Escherichia coli	Phe	GAA	tRNA-Phe-GAA-1-1	152.0	100.0	16	D	dihydrouridine	D	U	16	16	16	D-loop	28
1144	6Y3G_F	Escherichia coli	Phe	GAA	tRNA-Phe-GAA-1-1	144.0	100.0	16	D	dihydrouridine	D	U	16	16	16	D-loop	28
1145	6Y4B_F	Escherichia coli	Phe	GAA	tRNA-Phe-GAA-1-1	152.0	100.0	16	D	dihydrouridine	D	U	16	16	16	D-loop	28
1416	6QNR_CC	Escherichia coli	Phe	GAA	tRNA-Phe-GAA-1-1	145.0	98.7	15	D	dihydrouridine	D	U	16	16	16	D-loop	28
28	tdbR00000067	Escherichia coli	Phe	GAA	tRNA-Phe-GAA-1-1	152.0	100.0	20	D	dihydrouridine	D	U	20	20	20	D-loop	33
1144	6Y3G_F	Escherichia coli	Phe	GAA	tRNA-Phe-GAA-1-1	144.0	100.0	20	D	dihydrouridine	D	U	20	20	20	D-loop	33
1145	6Y4B_F	Escherichia coli	Phe	GAA	tRNA-Phe-GAA-1-1	152.0	100.0	20	D	dihydrouridine	D	U	20	20	20	D-loop	33
28	tdbR00000067	Escherichia coli	Phe	GAA	tRNA-Phe-GAA-1-1	152.0	100.0	32	P	pseudouridine-5'-monophosphate	pY	U	32	32	32	anticodon-loop	50
1144	6Y3G_F	Escherichia coli	Phe	GAA	tRNA-Phe-GAA-1-1	144.0	100.0	32	P	pseudouridine-5'-monophosphate	pY	U	32	32	32	anticodon-loop	50
1145	6Y4B_F	Escherichia coli	Phe	GAA	tRNA-Phe-GAA-1-1	152.0	100.0	32	P	pseudouridine-5'-monophosphate	pY	U	32	32	32	anticodon-loop	50
1326	4WSD_AC	Escherichia coli	Phe	GAA	tRNA-Phe-GAA-1-1	148.0	100.0	31	P	pseudouridine-5'-monophosphate	pY	U	32	32	32	anticodon-loop	50
1385	5WIT_DB	Escherichia coli	Phe	GAA	tRNA-Phe-GAA-1-1	141.5	100.0	29	P	pseudouridine-5'-monophosphate	pY	U	32	32	32	anticodon-loop	50
1386	5WIT_HD	Escherichia coli	Phe	GAA	tRNA-Phe-GAA-1-1	141.5	100.0	29	P	pseudouridine-5'-monophosphate	pY	U	32	32	32	anticodon-loop	50
1416	6QNR_CC	Escherichia coli	Phe	GAA	tRNA-Phe-GAA-1-1	145.0	98.7	31	P	pseudouridine-5'-monophosphate	pY	U	32	32	32	anticodon-loop	50
1419	6XHV_DB	Escherichia coli	Phe	GAA	tRNA-Phe-GAA-1-1	141.5	100.0	29	P	pseudouridine-5'-monophosphate	pY	U	32	32	32	anticodon-loop	50
1420	6XHV_HD	Escherichia coli	Phe	GAA	tRNA-Phe-GAA-1-1	141.5	100.0	29	P	pseudouridine-5'-monophosphate	pY	U	32	32	32	anticodon-loop	50
1421	6XHW_DB	Escherichia coli	Phe	GAA	tRNA-Phe-GAA-1-1	141.5	100.0	29	P	pseudouridine-5'-monophosphate	pY	U	32	32	32	anticodon-loop	50
1422	6XHW_HD	Escherichia coli	Phe	GAA	tRNA-Phe-GAA-1-1	141.5	100.0	29	P	pseudouridine-5'-monophosphate	pY	U	32	32	32	anticodon-loop	50
1425	6XHY_DB	Escherichia coli	Phe	GAA	tRNA-Phe-GAA-1-1	141.5	100.0	29	P	pseudouridine-5'-monophosphate	pY	U	32	32	32	anticodon-loop	50
1426	6XHY_HD	Escherichia coli	Phe	GAA	tRNA-Phe-GAA-1-1	141.5	100.0	29	P	pseudouridine-5'-monophosphate	pY	U	32	32	32	anticodon-loop	50
1431	7AZO_ZB	Escherichia coli	Phe	GAA	tRNA-Phe-GAA-1-1	148.0	100.0	31	P	pseudouridine-5'-monophosphate	pY	U	32	32	32	anticodon-loop	50
1432	7AZS_ZB	Escherichia coli	Phe	GAA	tRNA-Phe-GAA-1-1	148.0	100.0	31	P	pseudouridine-5'-monophosphate	pY	U	32	32	32	anticodon-loop	50
1453	8CVJ_EB	Escherichia coli	Phe	GAA	tRNA-Phe-GAA-1-1	141.5	100.0	29	P	pseudouridine-5'-monophosphate	pY	U	32	32	32	anticodon-loop	50
1454	8CVJ_JD	Escherichia coli	Phe	GAA	tRNA-Phe-GAA-1-1	141.5	100.0	29	P	pseudouridine-5'-monophosphate	pY	U	32	32	32	anticodon-loop	50
1455	8CVK_EB	Escherichia coli	Phe	GAA	tRNA-Phe-GAA-1-1	141.5	100.0	29	P	pseudouridine-5'-monophosphate	pY	U	32	32	32	anticodon-loop	50
1456	8CVK_JD	Escherichia coli	Phe	GAA	tRNA-Phe-GAA-1-1	141.5	100.0	29	P	pseudouridine-5'-monophosphate	pY	U	32	32	32	anticodon-loop	50
1457	8CVL_EB	Escherichia coli	Phe	GAA	tRNA-Phe-GAA-1-1	141.5	100.0	29	P	pseudouridine-5'-monophosphate	pY	U	32	32	32	anticodon-loop	50
1458	8CVL_JD	Escherichia coli	Phe	GAA	tRNA-Phe-GAA-1-1	141.5	100.0	29	P	pseudouridine-5'-monophosphate	pY	U	32	32	32	anticodon-loop	50
28	tdbR00000067	Escherichia coli	Phe	GAA	tRNA-Phe-GAA-1-1	152.0	100.0	37	*	2-methylthio-N6-isopentenyladenosine	ms2i6A	A	37	37	37	anticodon-loop	55
1385	5WIT_DB	Escherichia coli	Phe	GAA	tRNA-Phe-GAA-1-1	141.5	100.0	34	*	2-methylthio-N6-isopentenyladenosine	ms2i6A	A	37	37	37	anticodon-loop	55
1386	5WIT_HD	Escherichia coli	Phe	GAA	tRNA-Phe-GAA-1-1	141.5	100.0	34	*	2-methylthio-N6-isopentenyladenosine	ms2i6A	A	37	37	37	anticodon-loop	55
1416	6QNR_CC	Escherichia coli	Phe	GAA	tRNA-Phe-GAA-1-1	145.0	98.7	36	*	2-methylthio-N6-isopentenyladenosine	ms2i6A	A	37	37	37	anticodon-loop	55
1419	6XHV_DB	Escherichia coli	Phe	GAA	tRNA-Phe-GAA-1-1	141.5	100.0	34	*	2-methylthio-N6-isopentenyladenosine	ms2i6A	A	37	37	37	anticodon-loop	55
1420	6XHV_HD	Escherichia coli	Phe	GAA	tRNA-Phe-GAA-1-1	141.5	100.0	34	*	2-methylthio-N6-isopentenyladenosine	ms2i6A	A	37	37	37	anticodon-loop	55
1421	6XHW_DB	Escherichia coli	Phe	GAA	tRNA-Phe-GAA-1-1	141.5	100.0	34	*	2-methylthio-N6-isopentenyladenosine	ms2i6A	A	37	37	37	anticodon-loop	55
1422	6XHW_HD	Escherichia coli	Phe	GAA	tRNA-Phe-GAA-1-1	141.5	100.0	34	*	2-methylthio-N6-isopentenyladenosine	ms2i6A	A	37	37	37	anticodon-loop	55
1425	6XHY_DB	Escherichia coli	Phe	GAA	tRNA-Phe-GAA-1-1	141.5	100.0	34	*	2-methylthio-N6-isopentenyladenosine	ms2i6A	A	37	37	37	anticodon-loop	55
1426	6XHY_HD	Escherichia coli	Phe	GAA	tRNA-Phe-GAA-1-1	141.5	100.0	34	*	2-methylthio-N6-isopentenyladenosine	ms2i6A	A	37	37	37	anticodon-loop	55
1431	7AZO_ZB	Escherichia coli	Phe	GAA	tRNA-Phe-GAA-1-1	148.0	100.0	36	*	2-methylthio-N6-isopentenyladenosine	ms2i6A	A	37	37	37	anticodon-loop	55
1432	7AZS_ZB	Escherichia coli	Phe	GAA	tRNA-Phe-GAA-1-1	148.0	100.0	36	*	2-methylthio-N6-isopentenyladenosine	ms2i6A	A	37	37	37	anticodon-loop	55
1453	8CVJ_EB	Escherichia coli	Phe	GAA	tRNA-Phe-GAA-1-1	141.5	100.0	34	*	2-methylthio-N6-isopentenyladenosine	ms2i6A	A	37	37	37	anticodon-loop	55
1454	8CVJ_JD	Escherichia coli	Phe	GAA	tRNA-Phe-GAA-1-1	141.5	100.0	34	*	2-methylthio-N6-isopentenyladenosine	ms2i6A	A	37	37	37	anticodon-loop	55
1455	8CVK_EB	Escherichia coli	Phe	GAA	tRNA-Phe-GAA-1-1	141.5	100.0	34	*	2-methylthio-N6-isopentenyladenosine	ms2i6A	A	37	37	37	anticodon-loop	55
1456	8CVK_JD	Escherichia coli	Phe	GAA	tRNA-Phe-GAA-1-1	141.5	100.0	34	*	2-methylthio-N6-isopentenyladenosine	ms2i6A	A	37	37	37	anticodon-loop	55
1457	8CVL_EB	Escherichia coli	Phe	GAA	tRNA-Phe-GAA-1-1	141.5	100.0	34	*	2-methylthio-N6-isopentenyladenosine	ms2i6A	A	37	37	37	anticodon-loop	55
1458	8CVL_JD	Escherichia coli	Phe	GAA	tRNA-Phe-GAA-1-1	141.5	100.0	34	*	2-methylthio-N6-isopentenyladenosine	ms2i6A	A	37	37	37	anticodon-loop	55
28	tdbR00000067	Escherichia coli	Phe	GAA	tRNA-Phe-GAA-1-1	152.0	100.0	39	P	pseudouridine-5'-monophosphate	pY	U	39	39	39	anticodon-stem	57
1144	6Y3G_F	Escherichia coli	Phe	GAA	tRNA-Phe-GAA-1-1	144.0	100.0	39	P	pseudouridine-5'-monophosphate	pY	U	39	39	39	anticodon-stem	57
1145	6Y4B_F	Escherichia coli	Phe	GAA	tRNA-Phe-GAA-1-1	152.0	100.0	39	P	pseudouridine-5'-monophosphate	pY	U	39	39	39	anticodon-stem	57
1385	5WIT_DB	Escherichia coli	Phe	GAA	tRNA-Phe-GAA-1-1	141.5	100.0	36	P	pseudouridine-5'-monophosphate	pY	U	39	39	39	anticodon-stem	57
1386	5WIT_HD	Escherichia coli	Phe	GAA	tRNA-Phe-GAA-1-1	141.5	100.0	36	P	pseudouridine-5'-monophosphate	pY	U	39	39	39	anticodon-stem	57
1416	6QNR_CC	Escherichia coli	Phe	GAA	tRNA-Phe-GAA-1-1	145.0	98.7	38	P	pseudouridine-5'-monophosphate	pY	U	39	39	39	anticodon-stem	57
1419	6XHV_DB	Escherichia coli	Phe	GAA	tRNA-Phe-GAA-1-1	141.5	100.0	36	P	pseudouridine-5'-monophosphate	pY	U	39	39	39	anticodon-stem	57
1420	6XHV_HD	Escherichia coli	Phe	GAA	tRNA-Phe-GAA-1-1	141.5	100.0	36	P	pseudouridine-5'-monophosphate	pY	U	39	39	39	anticodon-stem	57
1421	6XHW_DB	Escherichia coli	Phe	GAA	tRNA-Phe-GAA-1-1	141.5	100.0	36	P	pseudouridine-5'-monophosphate	pY	U	39	39	39	anticodon-stem	57
1422	6XHW_HD	Escherichia coli	Phe	GAA	tRNA-Phe-GAA-1-1	141.5	100.0	36	P	pseudouridine-5'-monophosphate	pY	U	39	39	39	anticodon-stem	57
1425	6XHY_DB	Escherichia coli	Phe	GAA	tRNA-Phe-GAA-1-1	141.5	100.0	36	P	pseudouridine-5'-monophosphate	pY	U	39	39	39	anticodon-stem	57
1426	6XHY_HD	Escherichia coli	Phe	GAA	tRNA-Phe-GAA-1-1	141.5	100.0	36	P	pseudouridine-5'-monophosphate	pY	U	39	39	39	anticodon-stem	57
1431	7AZO_ZB	Escherichia coli	Phe	GAA	tRNA-Phe-GAA-1-1	148.0	100.0	38	P	pseudouridine-5'-monophosphate	pY	U	39	39	39	anticodon-stem	57
1432	7AZS_ZB	Escherichia coli	Phe	GAA	tRNA-Phe-GAA-1-1	148.0	100.0	38	P	pseudouridine-5'-monophosphate	pY	U	39	39	39	anticodon-stem	57
1453	8CVJ_EB	Escherichia coli	Phe	GAA	tRNA-Phe-GAA-1-1	141.5	100.0	36	P	pseudouridine-5'-monophosphate	pY	U	39	39	39	anticodon-stem	57
1454	8CVJ_JD	Escherichia coli	Phe	GAA	tRNA-Phe-GAA-1-1	141.5	100.0	36	P	pseudouridine-5'-monophosphate	pY	U	39	39	39	anticodon-stem	57
1455	8CVK_EB	Escherichia coli	Phe	GAA	tRNA-Phe-GAA-1-1	141.5	100.0	36	P	pseudouridine-5'-monophosphate	pY	U	39	39	39	anticodon-stem	57
1456	8CVK_JD	Escherichia coli	Phe	GAA	tRNA-Phe-GAA-1-1	141.5	100.0	36	P	pseudouridine-5'-monophosphate	pY	U	39	39	39	anticodon-stem	57
1457	8CVL_EB	Escherichia coli	Phe	GAA	tRNA-Phe-GAA-1-1	141.5	100.0	36	P	pseudouridine-5'-monophosphate	pY	U	39	39	39	anticodon-stem	57
1458	8CVL_JD	Escherichia coli	Phe	GAA	tRNA-Phe-GAA-1-1	141.5	100.0	36	P	pseudouridine-5'-monophosphate	pY	U	39	39	39	anticodon-stem	57
28	tdbR00000067	Escherichia coli	Phe	GAA	tRNA-Phe-GAA-1-1	152.0	100.0	46	7	7N-methyl-8-hydroguanosine-5'-monophosphate	pm7G	G	46	46	46	variable-region	81
1326	4WSD_AC	Escherichia coli	Phe	GAA	tRNA-Phe-GAA-1-1	148.0	100.0	45	7	7N-methyl-8-hydroguanosine-5'-monophosphate	pm7G	G	46	46	46	variable-region	81
1385	5WIT_DB	Escherichia coli	Phe	GAA	tRNA-Phe-GAA-1-1	141.5	100.0	43	7	7N-methyl-8-hydroguanosine-5'-monophosphate	pm7G	G	46	46	46	variable-region	81
1386	5WIT_HD	Escherichia coli	Phe	GAA	tRNA-Phe-GAA-1-1	141.5	100.0	43	7	7N-methyl-8-hydroguanosine-5'-monophosphate	pm7G	G	46	46	46	variable-region	81
1416	6QNR_CC	Escherichia coli	Phe	GAA	tRNA-Phe-GAA-1-1	145.0	98.7	45	7	7N-methyl-8-hydroguanosine-5'-monophosphate	pm7G	G	46	46	46	variable-region	81
1419	6XHV_DB	Escherichia coli	Phe	GAA	tRNA-Phe-GAA-1-1	141.5	100.0	43	7	7N-methyl-8-hydroguanosine-5'-monophosphate	pm7G	G	46	46	46	variable-region	81
1420	6XHV_HD	Escherichia coli	Phe	GAA	tRNA-Phe-GAA-1-1	141.5	100.0	43	7	7N-methyl-8-hydroguanosine-5'-monophosphate	pm7G	G	46	46	46	variable-region	81
1421	6XHW_DB	Escherichia coli	Phe	GAA	tRNA-Phe-GAA-1-1	141.5	100.0	43	7	7N-methyl-8-hydroguanosine-5'-monophosphate	pm7G	G	46	46	46	variable-region	81
1422	6XHW_HD	Escherichia coli	Phe	GAA	tRNA-Phe-GAA-1-1	141.5	100.0	43	7	7N-methyl-8-hydroguanosine-5'-monophosphate	pm7G	G	46	46	46	variable-region	81
1425	6XHY_DB	Escherichia coli	Phe	GAA	tRNA-Phe-GAA-1-1	141.5	100.0	43	7	7N-methyl-8-hydroguanosine-5'-monophosphate	pm7G	G	46	46	46	variable-region	81
1426	6XHY_HD	Escherichia coli	Phe	GAA	tRNA-Phe-GAA-1-1	141.5	100.0	43	7	7N-methyl-8-hydroguanosine-5'-monophosphate	pm7G	G	46	46	46	variable-region	81
1453	8CVJ_EB	Escherichia coli	Phe	GAA	tRNA-Phe-GAA-1-1	141.5	100.0	43	7	7N-methyl-8-hydroguanosine-5'-monophosphate	pm7G	G	46	46	46	variable-region	81
1454	8CVJ_JD	Escherichia coli	Phe	GAA	tRNA-Phe-GAA-1-1	141.5	100.0	43	7	7N-methyl-8-hydroguanosine-5'-monophosphate	pm7G	G	46	46	46	variable-region	81
1455	8CVK_EB	Escherichia coli	Phe	GAA	tRNA-Phe-GAA-1-1	141.5	100.0	43	7	7N-methyl-8-hydroguanosine-5'-monophosphate	pm7G	G	46	46	46	variable-region	81
1456	8CVK_JD	Escherichia coli	Phe	GAA	tRNA-Phe-GAA-1-1	141.5	100.0	43	7	7N-methyl-8-hydroguanosine-5'-monophosphate	pm7G	G	46	46	46	variable-region	81
1457	8CVL_EB	Escherichia coli	Phe	GAA	tRNA-Phe-GAA-1-1	141.5	100.0	43	7	7N-methyl-8-hydroguanosine-5'-monophosphate	pm7G	G	46	46	46	variable-region	81
1458	8CVL_JD	Escherichia coli	Phe	GAA	tRNA-Phe-GAA-1-1	141.5	100.0	43	7	7N-methyl-8-hydroguanosine-5'-monophosphate	pm7G	G	46	46	46	variable-region	81
28	tdbR00000067	Escherichia coli	Phe	GAA	tRNA-Phe-GAA-1-1	152.0	100.0	47	X	3-(3-amino-3-carboxypropyl)uridine-5'-monophosphate	pacp3U	U	47	47	47	variable-arm	82
1416	6QNR_CC	Escherichia coli	Phe	GAA	tRNA-Phe-GAA-1-1	145.0	98.7	46	Ѯ	unknown modification	xX	X	47	47	47	variable-arm	82
28	tdbR00000067	Escherichia coli	Phe	GAA	tRNA-Phe-GAA-1-1	152.0	100.0	54	T	5-methyluridine-5'-monophosphate	pm5U	U	54	54	54	T-loop	89
1144	6Y3G_F	Escherichia coli	Phe	GAA	tRNA-Phe-GAA-1-1	144.0	100.0	53	T	5-methyluridine-5'-monophosphate	pm5U	U	54	54	54	T-loop	89
1145	6Y4B_F	Escherichia coli	Phe	GAA	tRNA-Phe-GAA-1-1	152.0	100.0	54	T	5-methyluridine-5'-monophosphate	pm5U	U	54	54	54	T-loop	89
1326	4WSD_AC	Escherichia coli	Phe	GAA	tRNA-Phe-GAA-1-1	148.0	100.0	53	T	5-methyluridine-5'-monophosphate	pm5U	U	54	54	54	T-loop	89
1385	5WIT_DB	Escherichia coli	Phe	GAA	tRNA-Phe-GAA-1-1	141.5	100.0	51	T	5-methyluridine-5'-monophosphate	pm5U	U	54	54	54	T-loop	89
1386	5WIT_HD	Escherichia coli	Phe	GAA	tRNA-Phe-GAA-1-1	141.5	100.0	51	T	5-methyluridine-5'-monophosphate	pm5U	U	54	54	54	T-loop	89
1416	6QNR_CC	Escherichia coli	Phe	GAA	tRNA-Phe-GAA-1-1	145.0	98.7	53	T	5-methyluridine-5'-monophosphate	pm5U	U	54	54	54	T-loop	89
1419	6XHV_DB	Escherichia coli	Phe	GAA	tRNA-Phe-GAA-1-1	141.5	100.0	51	T	5-methyluridine-5'-monophosphate	pm5U	U	54	54	54	T-loop	89
1420	6XHV_HD	Escherichia coli	Phe	GAA	tRNA-Phe-GAA-1-1	141.5	100.0	51	T	5-methyluridine-5'-monophosphate	pm5U	U	54	54	54	T-loop	89
1421	6XHW_DB	Escherichia coli	Phe	GAA	tRNA-Phe-GAA-1-1	141.5	100.0	51	T	5-methyluridine-5'-monophosphate	pm5U	U	54	54	54	T-loop	89
1422	6XHW_HD	Escherichia coli	Phe	GAA	tRNA-Phe-GAA-1-1	141.5	100.0	51	T	5-methyluridine-5'-monophosphate	pm5U	U	54	54	54	T-loop	89
1425	6XHY_DB	Escherichia coli	Phe	GAA	tRNA-Phe-GAA-1-1	141.5	100.0	51	T	5-methyluridine-5'-monophosphate	pm5U	U	54	54	54	T-loop	89
1426	6XHY_HD	Escherichia coli	Phe	GAA	tRNA-Phe-GAA-1-1	141.5	100.0	51	T	5-methyluridine-5'-monophosphate	pm5U	U	54	54	54	T-loop	89
1431	7AZO_ZB	Escherichia coli	Phe	GAA	tRNA-Phe-GAA-1-1	148.0	100.0	53	T	5-methyluridine-5'-monophosphate	pm5U	U	54	54	54	T-loop	89
1432	7AZS_ZB	Escherichia coli	Phe	GAA	tRNA-Phe-GAA-1-1	148.0	100.0	53	T	5-methyluridine-5'-monophosphate	pm5U	U	54	54	54	T-loop	89
1453	8CVJ_EB	Escherichia coli	Phe	GAA	tRNA-Phe-GAA-1-1	141.5	100.0	51	T	5-methyluridine-5'-monophosphate	pm5U	U	54	54	54	T-loop	89
1454	8CVJ_JD	Escherichia coli	Phe	GAA	tRNA-Phe-GAA-1-1	141.5	100.0	51	T	5-methyluridine-5'-monophosphate	pm5U	U	54	54	54	T-loop	89
1455	8CVK_EB	Escherichia coli	Phe	GAA	tRNA-Phe-GAA-1-1	141.5	100.0	51	T	5-methyluridine-5'-monophosphate	pm5U	U	54	54	54	T-loop	89
1456	8CVK_JD	Escherichia coli	Phe	GAA	tRNA-Phe-GAA-1-1	141.5	100.0	51	T	5-methyluridine-5'-monophosphate	pm5U	U	54	54	54	T-loop	89
1457	8CVL_EB	Escherichia coli	Phe	GAA	tRNA-Phe-GAA-1-1	141.5	100.0	51	T	5-methyluridine-5'-monophosphate	pm5U	U	54	54	54	T-loop	89
1458	8CVL_JD	Escherichia coli	Phe	GAA	tRNA-Phe-GAA-1-1	141.5	100.0	51	T	5-methyluridine-5'-monophosphate	pm5U	U	54	54	54	T-loop	89
28	tdbR00000067	Escherichia coli	Phe	GAA	tRNA-Phe-GAA-1-1	152.0	100.0	55	P	pseudouridine-5'-monophosphate	pY	U	55	55	55	T-loop	90
1144	6Y3G_F	Escherichia coli	Phe	GAA	tRNA-Phe-GAA-1-1	144.0	100.0	54	P	pseudouridine-5'-monophosphate	pY	U	55	55	55	T-loop	90
1145	6Y4B_F	Escherichia coli	Phe	GAA	tRNA-Phe-GAA-1-1	152.0	100.0	55	P	pseudouridine-5'-monophosphate	pY	U	55	55	55	T-loop	90
1326	4WSD_AC	Escherichia coli	Phe	GAA	tRNA-Phe-GAA-1-1	148.0	100.0	54	P	pseudouridine-5'-monophosphate	pY	U	55	55	55	T-loop	90
1385	5WIT_DB	Escherichia coli	Phe	GAA	tRNA-Phe-GAA-1-1	141.5	100.0	52	P	pseudouridine-5'-monophosphate	pY	U	55	55	55	T-loop	90
1386	5WIT_HD	Escherichia coli	Phe	GAA	tRNA-Phe-GAA-1-1	141.5	100.0	52	P	pseudouridine-5'-monophosphate	pY	U	55	55	55	T-loop	90
1416	6QNR_CC	Escherichia coli	Phe	GAA	tRNA-Phe-GAA-1-1	145.0	98.7	54	P	pseudouridine-5'-monophosphate	pY	U	55	55	55	T-loop	90
1419	6XHV_DB	Escherichia coli	Phe	GAA	tRNA-Phe-GAA-1-1	141.5	100.0	52	P	pseudouridine-5'-monophosphate	pY	U	55	55	55	T-loop	90
1420	6XHV_HD	Escherichia coli	Phe	GAA	tRNA-Phe-GAA-1-1	141.5	100.0	52	P	pseudouridine-5'-monophosphate	pY	U	55	55	55	T-loop	90
1421	6XHW_DB	Escherichia coli	Phe	GAA	tRNA-Phe-GAA-1-1	141.5	100.0	52	P	pseudouridine-5'-monophosphate	pY	U	55	55	55	T-loop	90
1422	6XHW_HD	Escherichia coli	Phe	GAA	tRNA-Phe-GAA-1-1	141.5	100.0	52	P	pseudouridine-5'-monophosphate	pY	U	55	55	55	T-loop	90
1425	6XHY_DB	Escherichia coli	Phe	GAA	tRNA-Phe-GAA-1-1	141.5	100.0	52	P	pseudouridine-5'-monophosphate	pY	U	55	55	55	T-loop	90
1426	6XHY_HD	Escherichia coli	Phe	GAA	tRNA-Phe-GAA-1-1	141.5	100.0	52	P	pseudouridine-5'-monophosphate	pY	U	55	55	55	T-loop	90
1453	8CVJ_EB	Escherichia coli	Phe	GAA	tRNA-Phe-GAA-1-1	141.5	100.0	52	P	pseudouridine-5'-monophosphate	pY	U	55	55	55	T-loop	90
1454	8CVJ_JD	Escherichia coli	Phe	GAA	tRNA-Phe-GAA-1-1	141.5	100.0	52	P	pseudouridine-5'-monophosphate	pY	U	55	55	55	T-loop	90
1455	8CVK_EB	Escherichia coli	Phe	GAA	tRNA-Phe-GAA-1-1	141.5	100.0	52	P	pseudouridine-5'-monophosphate	pY	U	55	55	55	T-loop	90
1456	8CVK_JD	Escherichia coli	Phe	GAA	tRNA-Phe-GAA-1-1	141.5	100.0	52	P	pseudouridine-5'-monophosphate	pY	U	55	55	55	T-loop	90
1457	8CVL_EB	Escherichia coli	Phe	GAA	tRNA-Phe-GAA-1-1	141.5	100.0	52	P	pseudouridine-5'-monophosphate	pY	U	55	55	55	T-loop	90
1458	8CVL_JD	Escherichia coli	Phe	GAA	tRNA-Phe-GAA-1-1	141.5	100.0	52	P	pseudouridine-5'-monophosphate	pY	U	55	55	55	T-loop	90
29	tdbD00008358	Escherichia coli	Pro	CGG	tRNA-Pro-CGG-1-1	154.0	100.0	21	D	dihydrouridine	D	U	21	21	20	D-loop	33
29	tdbD00008358	Escherichia coli	Pro	CGG	tRNA-Pro-CGG-1-1	154.0	100.0	38	K	1N-methylguanosine-5'-monophosphate	pm1G	G	38	38	37	anticodon-loop	55
29	tdbD00008358	Escherichia coli	Pro	CGG	tRNA-Pro-CGG-1-1	154.0	100.0	47	7	7N-methyl-8-hydroguanosine-5'-monophosphate	pm7G	G	47	47	46	variable-region	81
29	tdbD00008358	Escherichia coli	Pro	CGG	tRNA-Pro-CGG-1-1	154.0	100.0	55	T	5-methyluridine-5'-monophosphate	pm5U	U	55	55	54	T-loop	89
29	tdbD00008358	Escherichia coli	Pro	CGG	tRNA-Pro-CGG-1-1	154.0	100.0	56	P	pseudouridine-5'-monophosphate	pY	U	56	56	55	T-loop	90
35	tdbR00000390	Escherichia coli	Ser	CGA	tRNA-Ser-CGA-1-1	180.0	100.0	17	#	O2'-methylguanosine-5'-monophosphate	pGm	G	17	17	18	D-loop	31
35	tdbR00000390	Escherichia coli	Ser	CGA	tRNA-Ser-CGA-1-1	180.0	100.0	20	D	dihydrouridine	D	U	20	20	20a	D-loop	35
35	tdbR00000390	Escherichia coli	Ser	CGA	tRNA-Ser-CGA-1-1	180.0	100.0	38	*	2-methylthio-N6-isopentenyladenosine	ms2i6A	A	38	38	37	anticodon-loop	55
35	tdbR00000390	Escherichia coli	Ser	CGA	tRNA-Ser-CGA-1-1	180.0	100.0	68	T	5-methyluridine-5'-monophosphate	pm5U	U	68	68	54	T-loop	89
35	tdbR00000390	Escherichia coli	Ser	CGA	tRNA-Ser-CGA-1-1	180.0	100.0	69	P	pseudouridine-5'-monophosphate	pY	U	69	69	55	T-loop	90
37	tdbR00000393	Escherichia coli	Ser	GGA	tRNA-Ser-GGA-1-1	173.0	98.9	8	4	4-thiouridine-5'-monophosphate	ps4U	U	8	8	8	unknown	13
37	tdbR00000393	Escherichia coli	Ser	GGA	tRNA-Ser-GGA-1-1	173.0	98.9	17	#	O2'-methylguanosine-5'-monophosphate	pGm	G	17	17	18	D-loop	31
37	tdbR00000393	Escherichia coli	Ser	GGA	tRNA-Ser-GGA-1-1	173.0	98.9	19	D	dihydrouridine	D	U	19	19	20	D-loop	33
37	tdbR00000393	Escherichia coli	Ser	GGA	tRNA-Ser-GGA-1-1	173.0	98.9	20	D	dihydrouridine	D	U	20	20	20a	D-loop	35
37	tdbR00000393	Escherichia coli	Ser	GGA	tRNA-Ser-GGA-1-1	173.0	98.9	41	P	pseudouridine-5'-monophosphate	pY	U	41	41	40	anticodon-stem	58
37	tdbR00000393	Escherichia coli	Ser	GGA	tRNA-Ser-GGA-1-1	173.0	98.9	66	T	5-methyluridine-5'-monophosphate	pm5U	U	66	68	54	T-loop	89
37	tdbR00000393	Escherichia coli	Ser	GGA	tRNA-Ser-GGA-1-1	173.0	98.9	67	P	pseudouridine-5'-monophosphate	pY	U	67	69	55	T-loop	90
42	tdbR00000484	Escherichia coli	Trp	CCA	tRNA-Trp-CCA-1-1	152.0	100.0	8	4	4-thiouridine-5'-monophosphate	ps4U	U	8	8	8	unknown	13
42	tdbR00000484	Escherichia coli	Trp	CCA	tRNA-Trp-CCA-1-1	152.0	100.0	16	D	dihydrouridine	D	U	16	16	16	D-loop	28
42	tdbR00000484	Escherichia coli	Trp	CCA	tRNA-Trp-CCA-1-1	152.0	100.0	17	D	dihydrouridine	D	U	17	17	17	D-loop	29
42	tdbR00000484	Escherichia coli	Trp	CCA	tRNA-Trp-CCA-1-1	152.0	100.0	20	D	dihydrouridine	D	U	20	20	20	D-loop	33
42	tdbR00000484	Escherichia coli	Trp	CCA	tRNA-Trp-CCA-1-1	152.0	100.0	32	B	O2'-methylcytidine-5'-monophosphate	pCm	C	32	32	32	anticodon-loop	50
42	tdbR00000484	Escherichia coli	Trp	CCA	tRNA-Trp-CCA-1-1	152.0	100.0	37	*	2-methylthio-N6-isopentenyladenosine	ms2i6A	A	37	37	37	anticodon-loop	55
42	tdbR00000484	Escherichia coli	Trp	CCA	tRNA-Trp-CCA-1-1	152.0	100.0	46	7	7N-methyl-8-hydroguanosine-5'-monophosphate	pm7G	G	46	46	46	variable-region	81
42	tdbR00000484	Escherichia coli	Trp	CCA	tRNA-Trp-CCA-1-1	152.0	100.0	54	T	5-methyluridine-5'-monophosphate	pm5U	U	54	54	54	T-loop	89
42	tdbR00000484	Escherichia coli	Trp	CCA	tRNA-Trp-CCA-1-1	152.0	100.0	55	P	pseudouridine-5'-monophosphate	pY	U	55	55	55	T-loop	90
46	tdbR00000454	Escherichia coli	Val	GAC	tRNA-Val-GAC-1-1	154.0	100.0	21	D	dihydrouridine	D	U	21	-1		unknown	
47	tdbR00000455	Escherichia coli	Val	GAC	tRNA-Val-GAC-2-1	154.0	100.0	21	D	dihydrouridine	D	U	21	-1		unknown	
46	tdbR00000454	Escherichia coli	Val	GAC	tRNA-Val-GAC-1-1	154.0	100.0	8	4	4-thiouridine-5'-monophosphate	ps4U	U	8	8	8	unknown	13
47	tdbR00000455	Escherichia coli	Val	GAC	tRNA-Val-GAC-2-1	154.0	100.0	8	4	4-thiouridine-5'-monophosphate	ps4U	U	8	8	8	unknown	13
46	tdbR00000454	Escherichia coli	Val	GAC	tRNA-Val-GAC-1-1	154.0	100.0	16	D	dihydrouridine	D	U	16	16	16	D-loop	28
47	tdbR00000455	Escherichia coli	Val	GAC	tRNA-Val-GAC-2-1	154.0	100.0	16	D	dihydrouridine	D	U	16	16	16	D-loop	28
46	tdbR00000454	Escherichia coli	Val	GAC	tRNA-Val-GAC-1-1	154.0	100.0	17	D	dihydrouridine	D	U	17	17	17	D-loop	29
47	tdbR00000455	Escherichia coli	Val	GAC	tRNA-Val-GAC-2-1	154.0	100.0	17	D	dihydrouridine	D	U	17	17	17	D-loop	29
46	tdbR00000454	Escherichia coli	Val	GAC	tRNA-Val-GAC-1-1	154.0	100.0	20	D	dihydrouridine	D	U	20	20	20	D-loop	33
47	tdbR00000455	Escherichia coli	Val	GAC	tRNA-Val-GAC-2-1	154.0	100.0	20	D	dihydrouridine	D	U	20	20	20	D-loop	33
46	tdbR00000454	Escherichia coli	Val	GAC	tRNA-Val-GAC-1-1	154.0	100.0	47	7	7N-methyl-8-hydroguanosine-5'-monophosphate	pm7G	G	47	46	46	variable-region	81
47	tdbR00000455	Escherichia coli	Val	GAC	tRNA-Val-GAC-2-1	154.0	100.0	47	7	7N-methyl-8-hydroguanosine-5'-monophosphate	pm7G	G	47	46	46	variable-region	81
46	tdbR00000454	Escherichia coli	Val	GAC	tRNA-Val-GAC-1-1	154.0	100.0	48	X	3-(3-amino-3-carboxypropyl)uridine-5'-monophosphate	pacp3U	U	48	47	47	variable-arm	82
47	tdbR00000455	Escherichia coli	Val	GAC	tRNA-Val-GAC-2-1	154.0	100.0	48	X	3-(3-amino-3-carboxypropyl)uridine-5'-monophosphate	pacp3U	U	48	47	47	variable-arm	82
46	tdbR00000454	Escherichia coli	Val	GAC	tRNA-Val-GAC-1-1	154.0	100.0	55	T	5-methyluridine-5'-monophosphate	pm5U	U	55	54	54	T-loop	89
47	tdbR00000455	Escherichia coli	Val	GAC	tRNA-Val-GAC-2-1	154.0	100.0	55	T	5-methyluridine-5'-monophosphate	pm5U	U	55	54	54	T-loop	89
46	tdbR00000454	Escherichia coli	Val	GAC	tRNA-Val-GAC-1-1	154.0	100.0	56	P	pseudouridine-5'-monophosphate	pY	U	56	55	55	T-loop	90
47	tdbR00000455	Escherichia coli	Val	GAC	tRNA-Val-GAC-2-1	154.0	100.0	56	P	pseudouridine-5'-monophosphate	pY	U	56	55	55	T-loop	90
2137	tdbR00000643	Homo sapiens	Cys	GCA	nuc-tRNA-Cys-GCA-1-1	150.0	100.0	6	Ѵ	unknown modified cytidine	xC	C	6	6	6	acceptor-stem	9
2139	tdbR00000646	Homo sapiens	Cys	GCA	nuc-tRNA-Cys-GCA-6-1	150.0	100.0	6	N	unknown modified uridine	xU	U	6	6	6	acceptor-stem	9
2141	tdbR00000652	Homo sapiens	Cys	GCA	nuc-tRNA-Cys-GCA-8-1	150.0	100.0	6	N	unknown modified uridine	xU	U	6	6	6	acceptor-stem	9
1208	LC530713.1	Homo sapiens	Cys	GCA	mito-tRNA-Cys-GCA-1-1	138.0	100.0	9	K	1N-methylguanosine-5'-monophosphate	pm1G	G	9	9	9	unknown	11
2137	tdbR00000643	Homo sapiens	Cys	GCA	nuc-tRNA-Cys-GCA-1-1	150.0	100.0	16	N	unknown modified uridine	xU	U	16	16	16	D-loop	21
2138	tdbR00000644	Homo sapiens	Cys	GCA	nuc-tRNA-Cys-GCA-16-1	150.0	100.0	16	ʆ	unknown modified guanosine	xG	G	16	16	16	D-loop	21
1208	LC530713.1	Homo sapiens	Cys	GCA	mito-tRNA-Cys-GCA-1-1	138.0	100.0	22	P	pseudouridine-5'-monophosphate	pY	U	22	22	27	anticodon-stem	39
1208	LC530713.1	Homo sapiens	Cys	GCA	mito-tRNA-Cys-GCA-1-1	138.0	100.0	23	P	pseudouridine-5'-monophosphate	pY	U	23	23	28	anticodon-stem	40
1208	LC530713.1	Homo sapiens	Cys	GCA	mito-tRNA-Cys-GCA-1-1	138.0	100.0	27	P	pseudouridine-5'-monophosphate	pY	U	27	27	32	anticodon-loop	46
1208	LC530713.1	Homo sapiens	Cys	GCA	mito-tRNA-Cys-GCA-1-1	138.0	100.0	32	Ч	N6-isopentenyladenosine	i6A	A	32	32	37	anticodon-loop	51
1208	LC530713.1	Homo sapiens	Cys	GCA	mito-tRNA-Cys-GCA-1-1	138.0	100.0	34	P	pseudouridine-5'-monophosphate	pY	U	34	34	39	anticodon-stem	55
2140	tdbR00000650	Homo sapiens	Cys	GCA	nuc-tRNA-Cys-GCA-10-1	150.0	100.0	42	ʆ	unknown modified guanosine	xG	G	42	42	43	anticodon-stem	56
2138	tdbR00000644	Homo sapiens	Cys	GCA	nuc-tRNA-Cys-GCA-16-1	150.0	100.0	43	H	unknown modified adenosine	xA	A	43	43	44	variable-region	57
1208	LC530713.1	Homo sapiens	Cys	GCA	mito-tRNA-Cys-GCA-1-1	138.0	100.0	52	Ѣ	N(1)-methyladenosine 5'-monophosphate	pm1A	A	52	53	59	T-loop	83
2139	tdbR00000646	Homo sapiens	Cys	GCA	nuc-tRNA-Cys-GCA-6-1	150.0	100.0	56	H	unknown modified adenosine	xA	A	56	55	57	T-loop	94
2141	tdbR00000652	Homo sapiens	Cys	GCA	nuc-tRNA-Cys-GCA-8-1	150.0	100.0	57	H	unknown modified adenosine	xA	A	57	57	58	T-loop	95
2142	tdbR00000660	Homo sapiens	Cys	GCA	nuc-tRNA-Cys-GCA-4-1	150.0	100.0	57	H	unknown modified adenosine	xA	A	57	57	58	T-loop	95
441	tdbR00000135	Homo sapiens	Gly	CCC	nuc-tRNA-Gly-CCC-2-1	148.0	100.0	4	B	O2'-methylcytidine-5'-monophosphate	pCm	C	4	4	4	acceptor-stem	5
441	tdbR00000135	Homo sapiens	Gly	CCC	nuc-tRNA-Gly-CCC-2-1	148.0	100.0	6	L	N2-methylguanosine	m2G	G	6	6	6	acceptor-stem	9
441	tdbR00000135	Homo sapiens	Gly	CCC	nuc-tRNA-Gly-CCC-2-1	148.0	100.0	13	P	pseudouridine-5'-monophosphate	pY	U	13	13		D-stem	
441	tdbR00000135	Homo sapiens	Gly	CCC	nuc-tRNA-Gly-CCC-2-1	148.0	100.0	19	D	dihydrouridine	D	U	19	19	20	D-loop	26
441	tdbR00000135	Homo sapiens	Gly	CCC	nuc-tRNA-Gly-CCC-2-1	148.0	100.0	31	J	O2'-methyluridine 5'-monophosphate	pUm	U	31	31	32	anticodon-loop	43
441	tdbR00000135	Homo sapiens	Gly	CCC	nuc-tRNA-Gly-CCC-2-1	148.0	100.0	38	Z	2'-O-methylpseudouridine-5'-monophosphate	pYm	U	38	38	39	anticodon-stem	50
441	tdbR00000135	Homo sapiens	Gly	CCC	nuc-tRNA-Gly-CCC-2-1	148.0	100.0	47	?	5-methylcytidine-5'-monophosphate	pm5C	C	47	47	49	T-stem	78
441	tdbR00000135	Homo sapiens	Gly	CCC	nuc-tRNA-Gly-CCC-2-1	148.0	100.0	48	?	5-methylcytidine-5'-monophosphate	pm5C	C	48	48	50	T-stem	79
441	tdbR00000135	Homo sapiens	Gly	CCC	nuc-tRNA-Gly-CCC-2-1	148.0	100.0	52	T	5-methyluridine-5'-monophosphate	pm5U	U	52	52	54	T-loop	91
441	tdbR00000135	Homo sapiens	Gly	CCC	nuc-tRNA-Gly-CCC-2-1	148.0	100.0	53	P	pseudouridine-5'-monophosphate	pY	U	53	53	55	T-loop	92
441	tdbR00000135	Homo sapiens	Gly	CCC	nuc-tRNA-Gly-CCC-2-1	148.0	100.0	56	Ѣ	N(1)-methyladenosine 5'-monophosphate	pm1A	A	56	56	58	T-loop	95
997		Homo sapiens	Leu	CAA	nuc-tRNA-Leu-CAA-1-1	160.0	98.8	34	?	5-methylcytidine-5'-monophosphate	pm5C	C	34	34	33	anticodon-loop	44
994		Homo sapiens	Leu	CAG	nuc-tRNA-Leu-CAG-1-1	160.0	98.8	47	Щ	3-Methylcytidine- 5'-monophosphate	pm3C	C	47	47	e12	variable-arm	61
995		Homo sapiens	Leu	CAG	nuc-tRNA-Leu-CAG-2-1	160.0	98.8	47	Щ	3-Methylcytidine- 5'-monophosphate	pm3C	C	47	47	e12	variable-arm	61
1000		Homo sapiens	Ser	AGA	nuc-tRNA-Ser-AGA-1-1	158.0	98.8	32	Щ	3-Methylcytidine- 5'-monophosphate	pm3C	C	32	32	32	anticodon-loop	43
1008		Homo sapiens	Ser	AGA	nuc-tRNA-Ser-AGA-1-1	158.0	98.8	32	Щ	3-Methylcytidine- 5'-monophosphate	pm3C	C	32	32	32	anticodon-loop	43
1000		Homo sapiens	Ser	AGA	nuc-tRNA-Ser-AGA-1-1	158.0	98.8	47	Щ	3-Methylcytidine- 5'-monophosphate	pm3C	C	47	47	e13	variable-arm	62
1008		Homo sapiens	Ser	AGA	nuc-tRNA-Ser-AGA-1-1	158.0	98.8	47	Щ	3-Methylcytidine- 5'-monophosphate	pm3C	C	47	47	e13	variable-arm	62
1001		Homo sapiens	Ser	CGA	nuc-tRNA-Ser-CGA-1-1	158.0	98.8	32	Щ	3-Methylcytidine- 5'-monophosphate	pm3C	C	32	32	32	anticodon-loop	43
1009		Homo sapiens	Ser	CGA	nuc-tRNA-Ser-CGA-1-1	158.0	98.8	32	Щ	3-Methylcytidine- 5'-monophosphate	pm3C	C	32	32	32	anticodon-loop	43
1001		Homo sapiens	Ser	CGA	nuc-tRNA-Ser-CGA-1-1	158.0	98.8	47	Щ	3-Methylcytidine- 5'-monophosphate	pm3C	C	47	47	e13	variable-arm	62
1009		Homo sapiens	Ser	CGA	nuc-tRNA-Ser-CGA-1-1	158.0	98.8	47	Щ	3-Methylcytidine- 5'-monophosphate	pm3C	C	47	47	e13	variable-arm	62
2149	tdbR00000822	Homo sapiens	Trp	CCA	nuc-tRNA-Trp-CCA-4-1	150.0	100.0	70	N	unknown modified uridine	xU	U	70	-1		unknown	
2150	tdbR00000824	Homo sapiens	Trp	CCA	nuc-tRNA-Trp-CCA-2-1	150.0	100.0	57	H	unknown modified adenosine	xA	A	57	57	58	T-loop	95
2148	tdbR00000820	Homo sapiens	Trp	CCA	nuc-tRNA-Trp-CCA-3-1	150.0	100.0	70	N	unknown modified uridine	xU	U	70	70	71	acceptor-stem	117
2150	tdbR00000824	Homo sapiens	Trp	CCA	nuc-tRNA-Trp-CCA-2-1	150.0	100.0	70	N	unknown modified uridine	xU	U	70	70	71	acceptor-stem	117
50	tdbR00000012	Saccharomyces cerevisiae	Ala	AGC	nuc-tRNA-Ala-AGC-1-1	152.0	100.0	9	K	1N-methylguanosine-5'-monophosphate	pm1G	G	9	9	9	unknown	10
50	tdbR00000012	Saccharomyces cerevisiae	Ala	AGC	nuc-tRNA-Ala-AGC-1-1	152.0	100.0	16	D	dihydrouridine	D	U	16	16	16	D-loop	17
50	tdbR00000012	Saccharomyces cerevisiae	Ala	AGC	nuc-tRNA-Ala-AGC-1-1	152.0	100.0	20	D	dihydrouridine	D	U	20	19	20	D-loop	21
50	tdbR00000012	Saccharomyces cerevisiae	Ala	AGC	nuc-tRNA-Ala-AGC-1-1	152.0	100.0	26	R	N2-dimethylguanosine-5'-monophosphate	pm2,2G	G	26	25	26	unknown	34
50	tdbR00000012	Saccharomyces cerevisiae	Ala	AGC	nuc-tRNA-Ala-AGC-1-1	152.0	100.0	34	I	inosine-5'-monophosphate	pI	A	34	33	34	anticodon-loop	57
50	tdbR00000012	Saccharomyces cerevisiae	Ala	AGC	nuc-tRNA-Ala-AGC-1-1	152.0	100.0	37	O	1-methylinosine-5'-monophosphate	pm1I	A	37	36	37	anticodon-loop	60
50	tdbR00000012	Saccharomyces cerevisiae	Ala	AGC	nuc-tRNA-Ala-AGC-1-1	152.0	100.0	38	P	pseudouridine-5'-monophosphate	pY	U	38	37	38	anticodon-loop	61
50	tdbR00000012	Saccharomyces cerevisiae	Ala	AGC	nuc-tRNA-Ala-AGC-1-1	152.0	100.0	47	D	dihydrouridine	D	U	47	46	47	variable-arm	85
50	tdbR00000012	Saccharomyces cerevisiae	Ala	AGC	nuc-tRNA-Ala-AGC-1-1	152.0	100.0	54	T	5-methyluridine-5'-monophosphate	pm5U	U	54	53	54	T-loop	92
50	tdbR00000012	Saccharomyces cerevisiae	Ala	AGC	nuc-tRNA-Ala-AGC-1-1	152.0	100.0	55	P	pseudouridine-5'-monophosphate	pY	U	55	54	55	T-loop	93
64	tdbR00000021	Saccharomyces cerevisiae	Cys	GCA	nuc-tRNA-Cys-GCA-1-1	150.0	100.0	16	D	dihydrouridine	D	U	16	16	16	D-loop	17
64	tdbR00000021	Saccharomyces cerevisiae	Cys	GCA	nuc-tRNA-Cys-GCA-1-1	150.0	100.0	19	D	dihydrouridine	D	U	19	19	20	D-loop	21
64	tdbR00000021	Saccharomyces cerevisiae	Cys	GCA	nuc-tRNA-Cys-GCA-1-1	150.0	100.0	31	P	pseudouridine-5'-monophosphate	pY	U	31	31	32	anticodon-loop	55
64	tdbR00000021	Saccharomyces cerevisiae	Cys	GCA	nuc-tRNA-Cys-GCA-1-1	150.0	100.0	36	Ч	N6-isopentenyladenosine	i6A	A	36	36	37	anticodon-loop	60
64	tdbR00000021	Saccharomyces cerevisiae	Cys	GCA	nuc-tRNA-Cys-GCA-1-1	150.0	100.0	38	P	pseudouridine-5'-monophosphate	pY	U	38	38	39	anticodon-stem	62
64	tdbR00000021	Saccharomyces cerevisiae	Cys	GCA	nuc-tRNA-Cys-GCA-1-1	150.0	100.0	45	7	7N-methyl-8-hydroguanosine-5'-monophosphate	pm7G	G	45	45	46	variable-region	84
64	tdbR00000021	Saccharomyces cerevisiae	Cys	GCA	nuc-tRNA-Cys-GCA-1-1	150.0	100.0	46	D	dihydrouridine	D	U	46	46	47	variable-arm	85
64	tdbR00000021	Saccharomyces cerevisiae	Cys	GCA	nuc-tRNA-Cys-GCA-1-1	150.0	100.0	47	?	5-methylcytidine-5'-monophosphate	pm5C	C	47	47	48	variable-arm	86
64	tdbR00000021	Saccharomyces cerevisiae	Cys	GCA	nuc-tRNA-Cys-GCA-1-1	150.0	100.0	53	T	5-methyluridine-5'-monophosphate	pm5U	U	53	53	54	T-loop	92
64	tdbR00000021	Saccharomyces cerevisiae	Cys	GCA	nuc-tRNA-Cys-GCA-1-1	150.0	100.0	54	P	pseudouridine-5'-monophosphate	pY	U	54	54	55	T-loop	93
64	tdbR00000021	Saccharomyces cerevisiae	Cys	GCA	nuc-tRNA-Cys-GCA-1-1	150.0	100.0	57	Ѣ	N(1)-methyladenosine 5'-monophosphate	pm1A	A	57	57	58	T-loop	96
74	tdbR00000129	Saccharomyces cerevisiae	Gly	GCC	nuc-tRNA-Gly-GCC-1-1	144.0	100.0	4	B	O2'-methylcytidine-5'-monophosphate	pCm	C	4	4	4	acceptor-stem	4
74	tdbR00000129	Saccharomyces cerevisiae	Gly	GCC	nuc-tRNA-Gly-GCC-1-1	144.0	100.0	9	K	1N-methylguanosine-5'-monophosphate	pm1G	G	9	9	9	unknown	10
74	tdbR00000129	Saccharomyces cerevisiae	Gly	GCC	nuc-tRNA-Gly-GCC-1-1	144.0	100.0	13	P	pseudouridine-5'-monophosphate	pY	U	13	13	13	D-stem	14
74	tdbR00000129	Saccharomyces cerevisiae	Gly	GCC	nuc-tRNA-Gly-GCC-1-1	144.0	100.0	16	D	dihydrouridine	D	U	16	16	16	D-loop	17
74	tdbR00000129	Saccharomyces cerevisiae	Gly	GCC	nuc-tRNA-Gly-GCC-1-1	144.0	100.0	19	D	dihydrouridine	D	U	19	19	20	D-loop	21
74	tdbR00000129	Saccharomyces cerevisiae	Gly	GCC	nuc-tRNA-Gly-GCC-1-1	144.0	100.0	31	P	pseudouridine-5'-monophosphate	pY	U	31	31	32	anticodon-loop	55
74	tdbR00000129	Saccharomyces cerevisiae	Gly	GCC	nuc-tRNA-Gly-GCC-1-1	144.0	100.0	37	P	pseudouridine-5'-monophosphate	pY	U	37	37	38	anticodon-loop	61
74	tdbR00000129	Saccharomyces cerevisiae	Gly	GCC	nuc-tRNA-Gly-GCC-1-1	144.0	100.0	46	?	5-methylcytidine-5'-monophosphate	pm5C	C	46	47	48	variable-arm	86
74	tdbR00000129	Saccharomyces cerevisiae	Gly	GCC	nuc-tRNA-Gly-GCC-1-1	144.0	100.0	51	T	5-methyluridine-5'-monophosphate	pm5U	U	52	53	54	T-loop	92
74	tdbR00000129	Saccharomyces cerevisiae	Gly	GCC	nuc-tRNA-Gly-GCC-1-1	144.0	100.0	52	P	pseudouridine-5'-monophosphate	pY	U	53	54	55	T-loop	93
91	tdbR00000249	Saccharomyces cerevisiae	Leu	CAA	nuc-tRNA-Leu-CAA-1-1	170.0	100.0	10	L	N2-methylguanosine	m2G	G	10	11	11	D-stem	12
91	tdbR00000249	Saccharomyces cerevisiae	Leu	CAA	nuc-tRNA-Leu-CAA-1-1	170.0	100.0	12	M	N4-acetylcytidine	ac4C	C	12	13	13	D-stem	14
91	tdbR00000249	Saccharomyces cerevisiae	Leu	CAA	nuc-tRNA-Leu-CAA-1-1	170.0	100.0	17	#	O2'-methylguanosine-5'-monophosphate	pGm	G	17	18	18	D-loop	19
91	tdbR00000249	Saccharomyces cerevisiae	Leu	CAA	nuc-tRNA-Leu-CAA-1-1	170.0	100.0	19	D	dihydrouridine	D	U	19	20	20	D-loop	21
91	tdbR00000249	Saccharomyces cerevisiae	Leu	CAA	nuc-tRNA-Leu-CAA-1-1	170.0	100.0	21	D	dihydrouridine	D	U	21	22	21	D-loop	25
91	tdbR00000249	Saccharomyces cerevisiae	Leu	CAA	nuc-tRNA-Leu-CAA-1-1	170.0	100.0	27	R	N2-dimethylguanosine-5'-monophosphate	pm2,2G	G	27	27	26	unknown	34
91	tdbR00000249	Saccharomyces cerevisiae	Leu	CAA	nuc-tRNA-Leu-CAA-1-1	170.0	100.0	33	P	pseudouridine-5'-monophosphate	pY	U	33	33	32	anticodon-loop	55
91	tdbR00000249	Saccharomyces cerevisiae	Leu	CAA	nuc-tRNA-Leu-CAA-1-1	170.0	100.0	35	?	5-methylcytidine-5'-monophosphate	pm5C	C	35	35	34	anticodon-loop	57
91	tdbR00000249	Saccharomyces cerevisiae	Leu	CAA	nuc-tRNA-Leu-CAA-1-1	170.0	100.0	38	K	1N-methylguanosine-5'-monophosphate	pm1G	G	38	38	37	anticodon-loop	60
91	tdbR00000249	Saccharomyces cerevisiae	Leu	CAA	nuc-tRNA-Leu-CAA-1-1	170.0	100.0	40	P	pseudouridine-5'-monophosphate	pY	U	40	40	39	anticodon-stem	62
91	tdbR00000249	Saccharomyces cerevisiae	Leu	CAA	nuc-tRNA-Leu-CAA-1-1	170.0	100.0	57	?	5-methylcytidine-5'-monophosphate	pm5C	C	57	59	48	variable-arm	86
91	tdbR00000249	Saccharomyces cerevisiae	Leu	CAA	nuc-tRNA-Leu-CAA-1-1	170.0	100.0	63	T	5-methyluridine-5'-monophosphate	pm5U	U	63	65	54	T-loop	92
91	tdbR00000249	Saccharomyces cerevisiae	Leu	CAA	nuc-tRNA-Leu-CAA-1-1	170.0	100.0	64	P	pseudouridine-5'-monophosphate	pY	U	64	66	55	T-loop	93
101	tdbR00000083	Saccharomyces cerevisiae	Phe	GAA	nuc-tRNA-Phe-GAA-2-1	152.0	100.0	10	L	N2-methylguanosine	m2G	G	10	10	10	D-stem	11
103	tdbR00000084	Saccharomyces cerevisiae	Phe	GAA	nuc-tRNA-Phe-GAA-1-1	152.0	100.0	10	L	N2-methylguanosine	m2G	G	10	10	10	D-stem	11
101	tdbR00000083	Saccharomyces cerevisiae	Phe	GAA	nuc-tRNA-Phe-GAA-2-1	152.0	100.0	16	D	dihydrouridine	D	U	16	16	16	D-loop	17
103	tdbR00000084	Saccharomyces cerevisiae	Phe	GAA	nuc-tRNA-Phe-GAA-1-1	152.0	100.0	16	D	dihydrouridine	D	U	16	16	16	D-loop	17
101	tdbR00000083	Saccharomyces cerevisiae	Phe	GAA	nuc-tRNA-Phe-GAA-2-1	152.0	100.0	17	D	dihydrouridine	D	U	17	17	17	D-loop	18
103	tdbR00000084	Saccharomyces cerevisiae	Phe	GAA	nuc-tRNA-Phe-GAA-1-1	152.0	100.0	17	D	dihydrouridine	D	U	17	17	17	D-loop	18
101	tdbR00000083	Saccharomyces cerevisiae	Phe	GAA	nuc-tRNA-Phe-GAA-2-1	152.0	100.0	26	R	N2-dimethylguanosine-5'-monophosphate	pm2,2G	G	26	26	26	unknown	34
103	tdbR00000084	Saccharomyces cerevisiae	Phe	GAA	nuc-tRNA-Phe-GAA-1-1	152.0	100.0	26	R	N2-dimethylguanosine-5'-monophosphate	pm2,2G	G	26	26	26	unknown	34
101	tdbR00000083	Saccharomyces cerevisiae	Phe	GAA	nuc-tRNA-Phe-GAA-2-1	152.0	100.0	32	B	O2'-methylcytidine-5'-monophosphate	pCm	C	32	32	32	anticodon-loop	55
103	tdbR00000084	Saccharomyces cerevisiae	Phe	GAA	nuc-tRNA-Phe-GAA-1-1	152.0	100.0	32	B	O2'-methylcytidine-5'-monophosphate	pCm	C	32	32	32	anticodon-loop	55
101	tdbR00000083	Saccharomyces cerevisiae	Phe	GAA	nuc-tRNA-Phe-GAA-2-1	152.0	100.0	34	#	O2'-methylguanosine-5'-monophosphate	pGm	G	34	34	34	anticodon-loop	57
103	tdbR00000084	Saccharomyces cerevisiae	Phe	GAA	nuc-tRNA-Phe-GAA-1-1	152.0	100.0	34	#	O2'-methylguanosine-5'-monophosphate	pGm	G	34	34	34	anticodon-loop	57
101	tdbR00000083	Saccharomyces cerevisiae	Phe	GAA	nuc-tRNA-Phe-GAA-2-1	152.0	100.0	37	Y	wybutosine-5'-monophosphate	pyW	G	37	37	37	anticodon-loop	60
103	tdbR00000084	Saccharomyces cerevisiae	Phe	GAA	nuc-tRNA-Phe-GAA-1-1	152.0	100.0	37	Y	wybutosine-5'-monophosphate	pyW	G	37	37	37	anticodon-loop	60
1161	1I9V_A	Saccharomyces cerevisiae	Phe	GAA	nuc-tRNA-Phe-GAA-2-1	152.0	100.0	37	Y	wybutosine-5'-monophosphate	pyW	G	37	37	37	anticodon-loop	60
101	tdbR00000083	Saccharomyces cerevisiae	Phe	GAA	nuc-tRNA-Phe-GAA-2-1	152.0	100.0	39	P	pseudouridine-5'-monophosphate	pY	U	39	39	39	anticodon-stem	62
103	tdbR00000084	Saccharomyces cerevisiae	Phe	GAA	nuc-tRNA-Phe-GAA-1-1	152.0	100.0	39	P	pseudouridine-5'-monophosphate	pY	U	39	39	39	anticodon-stem	62
101	tdbR00000083	Saccharomyces cerevisiae	Phe	GAA	nuc-tRNA-Phe-GAA-2-1	152.0	100.0	40	?	5-methylcytidine-5'-monophosphate	pm5C	C	40	40	40	anticodon-stem	63
103	tdbR00000084	Saccharomyces cerevisiae	Phe	GAA	nuc-tRNA-Phe-GAA-1-1	152.0	100.0	40	?	5-methylcytidine-5'-monophosphate	pm5C	C	40	40	40	anticodon-stem	63
101	tdbR00000083	Saccharomyces cerevisiae	Phe	GAA	nuc-tRNA-Phe-GAA-2-1	152.0	100.0	46	7	7N-methyl-8-hydroguanosine-5'-monophosphate	pm7G	G	46	46	46	variable-region	84
103	tdbR00000084	Saccharomyces cerevisiae	Phe	GAA	nuc-tRNA-Phe-GAA-1-1	152.0	100.0	46	7	7N-methyl-8-hydroguanosine-5'-monophosphate	pm7G	G	46	46	46	variable-region	84
101	tdbR00000083	Saccharomyces cerevisiae	Phe	GAA	nuc-tRNA-Phe-GAA-2-1	152.0	100.0	49	?	5-methylcytidine-5'-monophosphate	pm5C	C	49	49	49	T-stem	87
103	tdbR00000084	Saccharomyces cerevisiae	Phe	GAA	nuc-tRNA-Phe-GAA-1-1	152.0	100.0	49	?	5-methylcytidine-5'-monophosphate	pm5C	C	49	49	49	T-stem	87
101	tdbR00000083	Saccharomyces cerevisiae	Phe	GAA	nuc-tRNA-Phe-GAA-2-1	152.0	100.0	54	T	5-methyluridine-5'-monophosphate	pm5U	U	54	54	54	T-loop	92
103	tdbR00000084	Saccharomyces cerevisiae	Phe	GAA	nuc-tRNA-Phe-GAA-1-1	152.0	100.0	54	T	5-methyluridine-5'-monophosphate	pm5U	U	54	54	54	T-loop	92
1161	1I9V_A	Saccharomyces cerevisiae	Phe	GAA	nuc-tRNA-Phe-GAA-2-1	152.0	100.0	54	T	5-methyluridine-5'-monophosphate	pm5U	U	54	54	54	T-loop	92
101	tdbR00000083	Saccharomyces cerevisiae	Phe	GAA	nuc-tRNA-Phe-GAA-2-1	152.0	100.0	55	P	pseudouridine-5'-monophosphate	pY	U	55	55	55	T-loop	93
103	tdbR00000084	Saccharomyces cerevisiae	Phe	GAA	nuc-tRNA-Phe-GAA-1-1	152.0	100.0	55	P	pseudouridine-5'-monophosphate	pY	U	55	55	55	T-loop	93
101	tdbR00000083	Saccharomyces cerevisiae	Phe	GAA	nuc-tRNA-Phe-GAA-2-1	152.0	100.0	58	Ѣ	N(1)-methyladenosine 5'-monophosphate	pm1A	A	58	58	58	T-loop	96
103	tdbR00000084	Saccharomyces cerevisiae	Phe	GAA	nuc-tRNA-Phe-GAA-1-1	152.0	100.0	58	Ѣ	N(1)-methyladenosine 5'-monophosphate	pm1A	A	58	58	58	T-loop	96
108	tdbD00009888	Saccharomyces cerevisiae	Ser	CGA	nuc-tRNA-Ser-CGA-1-1	170.0	100.0	12	M	N4-acetylcytidine	ac4C	C	12	12	12	D-stem	13
108	tdbD00009888	Saccharomyces cerevisiae	Ser	CGA	nuc-tRNA-Ser-CGA-1-1	170.0	100.0	16	D	dihydrouridine	D	U	16	16	16	D-loop	17
108	tdbD00009888	Saccharomyces cerevisiae	Ser	CGA	nuc-tRNA-Ser-CGA-1-1	170.0	100.0	17	#	O2'-methylguanosine-5'-monophosphate	pGm	G	17	17	18	D-loop	19
108	tdbD00009888	Saccharomyces cerevisiae	Ser	CGA	nuc-tRNA-Ser-CGA-1-1	170.0	100.0	19	D	dihydrouridine	D	U	19	19	20	D-loop	21
108	tdbD00009888	Saccharomyces cerevisiae	Ser	CGA	nuc-tRNA-Ser-CGA-1-1	170.0	100.0	20	D	dihydrouridine	D	U	20	20	20a	D-loop	23
108	tdbD00009888	Saccharomyces cerevisiae	Ser	CGA	nuc-tRNA-Ser-CGA-1-1	170.0	100.0	26	R	N2-dimethylguanosine-5'-monophosphate	pm2,2G	G	26	26	26	unknown	34
108	tdbD00009888	Saccharomyces cerevisiae	Ser	CGA	nuc-tRNA-Ser-CGA-1-1	170.0	100.0	32	Щ	3-Methylcytidine- 5'-monophosphate	pm3C	C	32	32	32	anticodon-loop	55
108	tdbD00009888	Saccharomyces cerevisiae	Ser	CGA	nuc-tRNA-Ser-CGA-1-1	170.0	100.0	37	Ч	N6-isopentenyladenosine	i6A	A	37	37	37	anticodon-loop	60
108	tdbD00009888	Saccharomyces cerevisiae	Ser	CGA	nuc-tRNA-Ser-CGA-1-1	170.0	100.0	39	P	pseudouridine-5'-monophosphate	pY	U	39	39	39	anticodon-stem	62
108	tdbD00009888	Saccharomyces cerevisiae	Ser	CGA	nuc-tRNA-Ser-CGA-1-1	170.0	100.0	44	J	O2'-methyluridine 5'-monophosphate	pUm	U	44	44	44	variable-region	67
108	tdbD00009888	Saccharomyces cerevisiae	Ser	CGA	nuc-tRNA-Ser-CGA-1-1	170.0	100.0	57	?	5-methylcytidine-5'-monophosphate	pm5C	C	57	57	48	variable-arm	86
108	tdbD00009888	Saccharomyces cerevisiae	Ser	CGA	nuc-tRNA-Ser-CGA-1-1	170.0	100.0	63	T	5-methyluridine-5'-monophosphate	pm5U	U	63	63	54	T-loop	92
108	tdbD00009888	Saccharomyces cerevisiae	Ser	CGA	nuc-tRNA-Ser-CGA-1-1	170.0	100.0	64	P	pseudouridine-5'-monophosphate	pY	U	64	64	55	T-loop	93
122	tdbR00000494	Saccharomyces cerevisiae	Trp	CCA	nuc-tRNA-Trp-CCA-1-1	150.0	100.0	64	P	pseudouridine-5'-monophosphate	pY	U	64	-1		unknown	
122	tdbR00000494	Saccharomyces cerevisiae	Trp	CCA	nuc-tRNA-Trp-CCA-1-1	150.0	100.0	9	K	1N-methylguanosine-5'-monophosphate	pm1G	G	9	9	9	unknown	10
122	tdbR00000494	Saccharomyces cerevisiae	Trp	CCA	nuc-tRNA-Trp-CCA-1-1	150.0	100.0	10	L	N2-methylguanosine	m2G	G	10	10	10	D-stem	11
122	tdbR00000494	Saccharomyces cerevisiae	Trp	CCA	nuc-tRNA-Trp-CCA-1-1	150.0	100.0	16	D	dihydrouridine	D	U	16	16	16	D-loop	17
122	tdbR00000494	Saccharomyces cerevisiae	Trp	CCA	nuc-tRNA-Trp-CCA-1-1	150.0	100.0	17	#	O2'-methylguanosine-5'-monophosphate	pGm	G	17	17	17	D-loop	18
122	tdbR00000494	Saccharomyces cerevisiae	Trp	CCA	nuc-tRNA-Trp-CCA-1-1	150.0	100.0	19	D	dihydrouridine	D	U	19	19	19	D-loop	20
122	tdbR00000494	Saccharomyces cerevisiae	Trp	CCA	nuc-tRNA-Trp-CCA-1-1	150.0	100.0	25	P	pseudouridine-5'-monophosphate	pY	U	25	26	26	unknown	34
122	tdbR00000494	Saccharomyces cerevisiae	Trp	CCA	nuc-tRNA-Trp-CCA-1-1	150.0	100.0	26	P	pseudouridine-5'-monophosphate	pY	U	26	27	27	anticodon-stem	35
122	tdbR00000494	Saccharomyces cerevisiae	Trp	CCA	nuc-tRNA-Trp-CCA-1-1	150.0	100.0	27	P	pseudouridine-5'-monophosphate	pY	U	27	28	28	anticodon-stem	51
122	tdbR00000494	Saccharomyces cerevisiae	Trp	CCA	nuc-tRNA-Trp-CCA-1-1	150.0	100.0	31	B	O2'-methylcytidine-5'-monophosphate	pCm	C	31	32	32	anticodon-loop	55
122	tdbR00000494	Saccharomyces cerevisiae	Trp	CCA	nuc-tRNA-Trp-CCA-1-1	150.0	100.0	33	B	O2'-methylcytidine-5'-monophosphate	pCm	C	33	34	34	anticodon-loop	57
122	tdbR00000494	Saccharomyces cerevisiae	Trp	CCA	nuc-tRNA-Trp-CCA-1-1	150.0	100.0	38	P	pseudouridine-5'-monophosphate	pY	U	38	39	39	anticodon-stem	62
122	tdbR00000494	Saccharomyces cerevisiae	Trp	CCA	nuc-tRNA-Trp-CCA-1-1	150.0	100.0	45	7	7N-methyl-8-hydroguanosine-5'-monophosphate	pm7G	G	45	46	46	variable-region	84
122	tdbR00000494	Saccharomyces cerevisiae	Trp	CCA	nuc-tRNA-Trp-CCA-1-1	150.0	100.0	46	D	dihydrouridine	D	U	46	47	47	variable-arm	85
122	tdbR00000494	Saccharomyces cerevisiae	Trp	CCA	nuc-tRNA-Trp-CCA-1-1	150.0	100.0	53	T	5-methyluridine-5'-monophosphate	pm5U	U	53	54	54	T-loop	92
122	tdbR00000494	Saccharomyces cerevisiae	Trp	CCA	nuc-tRNA-Trp-CCA-1-1	150.0	100.0	54	P	pseudouridine-5'-monophosphate	pY	U	54	55	55	T-loop	93
122	tdbR00000494	Saccharomyces cerevisiae	Trp	CCA	nuc-tRNA-Trp-CCA-1-1	150.0	100.0	57	Ѣ	N(1)-methyladenosine 5'-monophosphate	pm1A	A	57	58	58	T-loop	96
130	tdbR00000464	Saccharomyces cerevisiae	Val	AAC	nuc-tRNA-Val-AAC-1-1	154.0	100.0	9	K	1N-methylguanosine-5'-monophosphate	pm1G	G	9	9	9	unknown	10
130	tdbR00000464	Saccharomyces cerevisiae	Val	AAC	nuc-tRNA-Val-AAC-1-1	154.0	100.0	13	P	pseudouridine-5'-monophosphate	pY	U	13	13		D-stem	
130	tdbR00000464	Saccharomyces cerevisiae	Val	AAC	nuc-tRNA-Val-AAC-1-1	154.0	100.0	16	D	dihydrouridine	D	U	16	16	16	D-loop	17
130	tdbR00000464	Saccharomyces cerevisiae	Val	AAC	nuc-tRNA-Val-AAC-1-1	154.0	100.0	20	D	dihydrouridine	D	U	20	19	20	D-loop	21
130	tdbR00000464	Saccharomyces cerevisiae	Val	AAC	nuc-tRNA-Val-AAC-1-1	154.0	100.0	21	D	dihydrouridine	D	U	21	20	20a	D-loop	23
130	tdbR00000464	Saccharomyces cerevisiae	Val	AAC	nuc-tRNA-Val-AAC-1-1	154.0	100.0	28	P	pseudouridine-5'-monophosphate	pY	U	28	27	27	anticodon-stem	35
130	tdbR00000464	Saccharomyces cerevisiae	Val	AAC	nuc-tRNA-Val-AAC-1-1	154.0	100.0	33	P	pseudouridine-5'-monophosphate	pY	U	33	32	32	anticodon-loop	55
130	tdbR00000464	Saccharomyces cerevisiae	Val	AAC	nuc-tRNA-Val-AAC-1-1	154.0	100.0	35	I	inosine-5'-monophosphate	pI	A	35	34	34	anticodon-loop	57
130	tdbR00000464	Saccharomyces cerevisiae	Val	AAC	nuc-tRNA-Val-AAC-1-1	154.0	100.0	47	7	7N-methyl-8-hydroguanosine-5'-monophosphate	pm7G	G	47	46	46	variable-region	84
130	tdbR00000464	Saccharomyces cerevisiae	Val	AAC	nuc-tRNA-Val-AAC-1-1	154.0	100.0	48	D	dihydrouridine	D	U	48	47	47	variable-arm	85
130	tdbR00000464	Saccharomyces cerevisiae	Val	AAC	nuc-tRNA-Val-AAC-1-1	154.0	100.0	50	?	5-methylcytidine-5'-monophosphate	pm5C	C	50	49	49	T-stem	87
130	tdbR00000464	Saccharomyces cerevisiae	Val	AAC	nuc-tRNA-Val-AAC-1-1	154.0	100.0	55	T	5-methyluridine-5'-monophosphate	pm5U	U	55	54	54	T-loop	92
130	tdbR00000464	Saccharomyces cerevisiae	Val	AAC	nuc-tRNA-Val-AAC-1-1	154.0	100.0	56	P	pseudouridine-5'-monophosphate	pY	U	56	55	55	T-loop	93
130	tdbR00000464	Saccharomyces cerevisiae	Val	AAC	nuc-tRNA-Val-AAC-1-1	154.0	100.0	59	Ѣ	N(1)-methyladenosine 5'-monophosphate	pm1A	A	59	58	58	T-loop	96
128	tdbR00000465	Saccharomyces cerevisiae	Val	CAC	nuc-tRNA-Val-CAC-1-1	152.0	100.0	10	L	N2-methylguanosine	m2G	G	10	10	10	D-stem	11
128	tdbR00000465	Saccharomyces cerevisiae	Val	CAC	nuc-tRNA-Val-CAC-1-1	152.0	100.0	13	P	pseudouridine-5'-monophosphate	pY	U	13	13		D-stem	
128	tdbR00000465	Saccharomyces cerevisiae	Val	CAC	nuc-tRNA-Val-CAC-1-1	152.0	100.0	20	D	dihydrouridine	D	U	20	20	20a	D-loop	23
128	tdbR00000465	Saccharomyces cerevisiae	Val	CAC	nuc-tRNA-Val-CAC-1-1	152.0	100.0	26	L	N2-methylguanosine	m2G	G	26	26	26	unknown	34
128	tdbR00000465	Saccharomyces cerevisiae	Val	CAC	nuc-tRNA-Val-CAC-1-1	152.0	100.0	27	P	pseudouridine-5'-monophosphate	pY	U	27	27	27	anticodon-stem	35
128	tdbR00000465	Saccharomyces cerevisiae	Val	CAC	nuc-tRNA-Val-CAC-1-1	152.0	100.0	28	P	pseudouridine-5'-monophosphate	pY	U	28	28	28	anticodon-stem	51
128	tdbR00000465	Saccharomyces cerevisiae	Val	CAC	nuc-tRNA-Val-CAC-1-1	152.0	100.0	32	P	pseudouridine-5'-monophosphate	pY	U	32	32	32	anticodon-loop	55
128	tdbR00000465	Saccharomyces cerevisiae	Val	CAC	nuc-tRNA-Val-CAC-1-1	152.0	100.0	46	7	7N-methyl-8-hydroguanosine-5'-monophosphate	pm7G	G	46	46	46	variable-region	84
128	tdbR00000465	Saccharomyces cerevisiae	Val	CAC	nuc-tRNA-Val-CAC-1-1	152.0	100.0	47	D	dihydrouridine	D	U	47	47	47	variable-arm	85
128	tdbR00000465	Saccharomyces cerevisiae	Val	CAC	nuc-tRNA-Val-CAC-1-1	152.0	100.0	49	?	5-methylcytidine-5'-monophosphate	pm5C	C	49	49	49	T-stem	87
128	tdbR00000465	Saccharomyces cerevisiae	Val	CAC	nuc-tRNA-Val-CAC-1-1	152.0	100.0	54	T	5-methyluridine-5'-monophosphate	pm5U	U	54	54	54	T-loop	92
128	tdbR00000465	Saccharomyces cerevisiae	Val	CAC	nuc-tRNA-Val-CAC-1-1	152.0	100.0	55	P	pseudouridine-5'-monophosphate	pY	U	55	55	55	T-loop	93
128	tdbR00000465	Saccharomyces cerevisiae	Val	CAC	nuc-tRNA-Val-CAC-1-1	152.0	100.0	58	Ѣ	N(1)-methyladenosine 5'-monophosphate	pm1A	A	58	58	58	T-loop	96
